8.8.8.8,2021-11-30,09:41:00,53,
8.8.8.8,2021-11-30,09:40:58,53,
8.8.8.8,2021-11-30,09:40:52,53,
8.8.8.8,2021-11-30,09:40:50,53,
8.8.8.8,2021-11-30,09:40:48,53,
8.8.8.8,2021-11-30,09:40:37,53,
8.8.8.8,2021-11-30,09:40:35,53,
8.8.8.8,2021-11-30,09:40:11,53,
8.8.8.8,2021-11-30,09:40:01,53,
8.8.8.8,2021-11-30,09:40:01,53,
8.8.8.8,2021-11-30,09:38:53,53,
8.8.8.8,2021-11-30,09:38:38,53,
8.8.8.8,2021-11-30,09:38:34,53,
8.8.8.8,2021-11-30,09:38:25,53,
8.8.8.8,2021-11-30,09:38:25,53,
8.8.8.8,2021-11-30,09:38:23,53,
8.8.8.8,2021-11-30,09:38:21,53,
8.8.8.8,2021-11-30,09:38:11,53,
8.8.8.8,2021-11-30,09:37:58,53,
8.8.8.8,2021-11-30,09:37:51,53,
8.8.8.8,2021-11-30,09:37:47,53,
8.8.8.8,2021-11-30,09:37:48,53,
8.8.8.8,2021-11-30,09:37:41,53,
8.8.8.8,2021-11-30,09:37:33,53,
8.8.8.8,2021-11-30,09:37:22,53,
8.8.8.8,2021-11-30,09:36:25,53,
8.8.8.8,2021-11-30,09:36:25,53,
8.8.8.8,2021-11-30,09:36:12,53,
8.8.8.8,2021-11-30,09:36:03,53,
8.8.8.8,2021-11-30,09:35:59,53,
8.8.8.8,2021-11-30,09:35:47,53,
8.8.8.8,2021-11-30,09:35:44,53,
8.8.8.8,2021-11-30,09:35:43,53,
8.8.8.8,2021-11-30,09:35:30,53,
8.8.8.8,2021-11-30,09:35:26,53,
8.8.8.8,2021-11-30,09:35:23,53,
8.8.8.8,2021-11-30,09:35:11,53,
8.8.8.8,2021-11-30,09:35:04,53,
8.8.8.8,2021-11-30,09:35:00,53,
8.8.8.8,2021-11-30,09:34:49,53,
8.8.8.8,2021-11-30,09:34:39,53,
8.8.8.8,2021-11-30,09:34:31,53,
8.8.8.8,2021-11-30,09:34:14,53,
8.8.8.8,2021-11-30,09:34:07,443,
8.8.8.8,2021-11-30,09:34:07,53,
8.8.8.8,2021-11-30,09:34:07,53,
8.8.8.8,2021-11-30,09:33:58,53,
8.8.8.8,2021-11-30,09:33:30,53,
8.8.8.8,2021-11-30,09:33:29,53,
8.8.8.8,2021-11-30,09:33:26,53,
8.8.8.8,2021-11-30,09:33:22,53,
8.8.8.8,2021-11-30,09:33:02,53,
8.8.8.8,2021-11-30,09:33:02,53,
8.8.8.8,2021-11-30,09:33:00,53,
8.8.8.8,2021-11-30,09:32:56,53,
8.8.8.8,2021-11-30,09:32:57,53,
8.8.8.8,2021-11-30,09:32:53,53,
8.8.8.8,2021-11-30,09:32:41,53,
8.8.8.8,2021-11-30,09:32:36,53,
8.8.8.8,2021-11-30,09:32:19,53,
8.8.8.8,2021-11-30,09:32:19,53,
8.8.8.8,2021-11-30,09:32:00,53,
8.8.8.8,2021-11-30,09:32:02,53,
8.8.8.8,2021-11-30,09:31:57,53,
8.8.8.8,2021-11-30,09:31:55,53,
8.8.8.8,2021-11-30,09:31:33,53,
8.8.8.8,2021-11-30,09:31:20,53,
8.8.8.8,2021-11-30,09:31:18,53,
8.8.8.8,2021-11-30,09:31:11,53,
8.8.8.8,2021-11-30,09:31:07,53,
8.8.8.8,2021-11-30,09:30:52,53,
8.8.8.8,2021-11-30,09:30:44,53,
8.8.8.8,2021-11-30,09:30:39,53,
8.8.8.8,2021-11-30,09:30:27,53,
8.8.8.8,2021-11-30,09:30:16,53,
8.8.8.8,2021-11-30,09:30:15,53,
8.8.8.8,2021-11-30,09:30:14,53,
8.8.8.8,2021-11-30,09:30:06,53,
8.8.8.8,2021-11-30,09:30:02,53,
8.8.8.8,2021-11-30,09:30:01,53,
8.8.8.8,2021-11-30,09:29:58,53,
8.8.8.8,2021-11-30,09:29:52,53,
8.8.8.8,2021-11-30,09:29:40,53,
8.8.8.8,2021-11-30,09:29:38,53,
8.8.8.8,2021-11-30,09:29:22,53,
8.8.8.8,2021-11-30,09:29:22,53,
8.8.8.8,2021-11-30,09:29:18,53,
8.8.8.8,2021-11-30,09:29:17,53,
8.8.8.8,2021-11-30,09:29:13,53,
8.8.8.8,2021-11-30,09:29:13,53,
8.8.8.8,2021-11-30,09:29:09,53,
8.8.8.8,2021-11-30,09:28:41,53,
8.8.8.8,2021-11-30,09:28:36,53,
8.8.8.8,2021-11-30,09:28:36,53,
8.8.8.8,2021-11-30,09:28:32,53,
8.8.8.8,2021-11-30,09:28:25,53,
8.8.8.8,2021-11-30,09:28:18,53,
8.8.8.8,2021-11-30,09:28:04,53,
8.8.8.8,2021-11-30,09:27:57,53,
8.8.8.8,2021-11-30,09:27:55,53,
8.8.8.8,2021-11-30,09:27:53,53,
8.8.8.8,2021-11-30,09:27:53,53,
8.8.8.8,2021-11-30,09:27:47,53,
8.8.8.8,2021-11-30,09:27:42,53,
8.8.8.8,2021-11-30,09:27:18,53,
8.8.8.8,2021-11-30,09:27:17,53,
8.8.8.8,2021-11-30,09:27:16,53,
8.8.8.8,2021-11-30,09:27:11,53,
8.8.8.8,2021-11-30,09:27:10,53,
8.8.8.8,2021-11-30,09:27:03,53,
8.8.8.8,2021-11-30,09:26:46,53,
8.8.8.8,2021-11-30,09:26:46,53,
8.8.8.8,2021-11-30,09:26:43,53,
8.8.8.8,2021-11-30,09:26:43,53,
8.8.8.8,2021-11-30,09:26:39,53,
8.8.8.8,2021-11-30,09:26:30,53,
8.8.8.8,2021-11-30,09:26:17,53,
8.8.8.8,2021-11-30,09:26:07,53,
8.8.8.8,2021-11-30,09:26:05,53,
8.8.8.8,2021-11-30,09:26:02,53,
8.8.8.8,2021-11-30,09:26:00,53,
8.8.8.8,2021-11-30,09:25:48,53,
8.8.8.8,2021-11-30,09:25:39,53,
8.8.8.8,2021-11-30,09:25:31,53,
8.8.8.8,2021-11-30,09:25:26,53,
8.8.8.8,2021-11-30,09:25:13,53,
8.8.8.8,2021-11-30,09:25:07,53,
8.8.8.8,2021-11-30,09:25:07,53,
8.8.8.8,2021-11-30,09:25:05,53,
8.8.8.8,2021-11-30,09:25:06,53,
8.8.8.8,2021-11-30,09:24:39,53,
8.8.8.8,2021-11-30,09:24:38,53,
8.8.8.8,2021-11-30,09:24:32,53,
8.8.8.8,2021-11-30,09:24:20,53,
8.8.8.8,2021-11-30,09:24:18,53,
8.8.8.8,2021-11-30,09:24:11,53,
8.8.8.8,2021-11-30,09:24:08,53,
8.8.8.8,2021-11-30,09:23:53,53,
8.8.8.8,2021-11-30,09:23:50,53,
8.8.8.8,2021-11-30,09:23:46,53,
8.8.8.8,2021-11-30,09:23:39,53,
8.8.8.8,2021-11-30,09:23:25,53,
8.8.8.8,2021-11-30,09:23:13,53,
8.8.8.8,2021-11-30,09:23:12,53,
8.8.8.8,2021-11-30,09:23:09,53,
8.8.8.8,2021-11-30,09:23:02,53,
8.8.8.8,2021-11-30,09:22:43,53,
8.8.8.8,2021-11-30,09:22:39,53,
8.8.8.8,2021-11-30,09:22:29,53,
8.8.8.8,2021-11-30,09:22:28,53,
8.8.8.8,2021-11-30,09:22:27,53,
8.8.8.8,2021-11-30,09:22:24,53,
8.8.8.8,2021-11-30,09:22:18,53,
8.8.8.8,2021-11-30,09:22:17,53,
8.8.8.8,2021-11-30,09:22:15,53,
8.8.8.8,2021-11-30,09:22:08,53,
8.8.8.8,2021-11-30,09:22:02,53,
8.8.8.8,2021-11-30,09:21:57,53,
8.8.8.8,2021-11-30,09:21:57,53,
8.8.8.8,2021-11-30,09:21:49,53,
8.8.8.8,2021-11-30,09:21:43,53,
8.8.8.8,2021-11-30,09:21:33,53,
8.8.8.8,2021-11-30,09:21:17,53,
8.8.8.8,2021-11-30,09:21:16,53,
8.8.8.8,2021-11-30,09:21:15,53,
8.8.8.8,2021-11-30,09:21:12,53,
8.8.8.8,2021-11-30,09:21:09,53,
8.8.8.8,2021-11-30,09:21:07,53,
8.8.8.8,2021-11-30,09:21:04,53,
8.8.8.8,2021-11-30,09:20:51,53,
8.8.8.8,2021-11-30,09:20:49,53,
8.8.8.8,2021-11-30,09:20:38,53,
8.8.8.8,2021-11-30,09:20:36,53,
8.8.8.8,2021-11-30,09:20:29,53,
8.8.8.8,2021-11-30,09:20:15,53,
8.8.8.8,2021-11-30,09:20:05,53,
8.8.8.8,2021-11-30,09:20:01,53,
8.8.8.8,2021-11-30,09:19:59,53,
8.8.8.8,2021-11-30,09:19:47,53,
8.8.8.8,2021-11-30,09:19:46,53,
8.8.8.8,2021-11-30,09:19:43,53,
8.8.8.8,2021-11-30,09:19:30,53,
8.8.8.8,2021-11-30,09:19:27,53,
8.8.8.8,2021-11-30,09:19:25,53,
8.8.8.8,2021-11-30,09:19:20,53,
8.8.8.8,2021-11-30,09:19:22,53,
8.8.8.8,2021-11-30,09:19:13,53,
8.8.8.8,2021-11-30,09:19:09,53,
8.8.8.8,2021-11-30,09:19:08,53,
8.8.8.8,2021-11-30,09:19:01,53,
8.8.8.8,2021-11-30,09:18:49,53,
8.8.8.8,2021-11-30,09:18:42,53,
8.8.8.8,2021-11-30,09:18:37,53,
8.8.8.8,2021-11-30,09:18:29,53,
8.8.8.8,2021-11-30,09:18:25,53,
8.8.8.8,2021-11-30,09:18:22,53,
8.8.8.8,2021-11-30,09:18:02,53,
8.8.8.8,2021-11-30,09:18:02,53,
8.8.8.8,2021-11-30,09:18:01,53,
8.8.8.8,2021-11-30,09:17:57,53,
8.8.8.8,2021-11-30,09:17:47,53,
8.8.8.8,2021-11-30,09:17:38,53,
8.8.8.8,2021-11-30,09:17:37,53,
8.8.8.8,2021-11-30,09:17:31,53,
8.8.8.8,2021-11-30,09:17:16,53,
8.8.8.8,2021-11-30,09:17:16,53,
8.8.8.8,2021-11-30,09:17:14,53,
8.8.8.8,2021-11-30,09:17:12,53,
8.8.8.8,2021-11-30,09:16:43,53,
8.8.8.8,2021-11-30,09:16:39,53,
8.8.8.8,2021-11-30,09:16:33,53,
8.8.8.8,2021-11-30,09:16:30,53,
8.8.8.8,2021-11-30,09:16:30,53,
8.8.8.8,2021-11-30,09:16:13,53,
8.8.8.8,2021-11-30,09:16:09,53,
8.8.8.8,2021-11-30,09:16:10,53,
8.8.8.8,2021-11-30,09:16:06,53,
8.8.8.8,2021-11-30,09:16:02,53,
8.8.8.8,2021-11-30,09:16:02,53,
8.8.8.8,2021-11-30,09:16:03,53,
8.8.8.8,2021-11-30,09:15:48,53,
8.8.8.8,2021-11-30,09:15:26,53,
8.8.8.8,2021-11-30,09:15:21,53,
8.8.8.8,2021-11-30,09:15:21,53,
8.8.8.8,2021-11-30,09:15:10,53,
8.8.8.8,2021-11-30,09:15:10,53,
8.8.8.8,2021-11-30,09:14:53,53,
8.8.8.8,2021-11-30,09:14:50,53,
8.8.8.8,2021-11-30,09:14:48,53,
8.8.8.8,2021-11-30,09:14:39,53,
8.8.8.8,2021-11-30,09:14:32,53,
8.8.8.8,2021-11-30,09:14:27,53,
8.8.8.8,2021-11-30,09:14:16,53,
8.8.8.8,2021-11-30,09:14:02,53,
8.8.8.8,2021-11-30,09:14:00,53,
8.8.8.8,2021-11-30,09:13:56,53,
8.8.8.8,2021-11-30,09:13:54,53,
8.8.8.8,2021-11-30,09:13:40,53,
8.8.8.8,2021-11-30,09:13:37,53,
8.8.8.8,2021-11-30,09:13:29,53,
8.8.8.8,2021-11-30,09:13:15,53,
8.8.8.8,2021-11-30,09:13:15,53,
8.8.8.8,2021-11-30,09:13:14,53,
8.8.8.8,2021-11-30,09:12:58,53,
8.8.8.8,2021-11-30,09:12:54,53,
8.8.8.8,2021-11-30,09:12:49,53,
8.8.8.8,2021-11-30,09:12:42,53,
8.8.8.8,2021-11-30,09:12:41,53,
8.8.8.8,2021-11-30,09:12:26,53,
8.8.8.8,2021-11-30,09:12:15,53,
8.8.8.8,2021-11-30,09:12:10,53,
8.8.8.8,2021-11-30,09:12:06,53,
8.8.8.8,2021-11-30,09:12:01,53,
8.8.8.8,2021-11-30,09:11:55,53,
8.8.8.8,2021-11-30,09:11:50,53,
8.8.8.8,2021-11-30,09:11:35,53,
8.8.8.8,2021-11-30,09:11:33,53,
8.8.8.8,2021-11-30,09:11:30,53,
8.8.8.8,2021-11-30,09:11:29,53,
8.8.8.8,2021-11-30,09:11:12,53,
8.8.8.8,2021-11-30,09:11:09,53,
8.8.8.8,2021-11-30,09:11:07,53,
8.8.8.8,2021-11-30,09:11:05,53,
8.8.8.8,2021-11-30,09:11:04,53,
8.8.8.8,2021-11-30,09:11:03,53,
8.8.8.8,2021-11-30,09:11:03,53,
8.8.8.8,2021-11-30,09:10:44,53,
8.8.8.8,2021-11-30,09:10:41,53,
8.8.8.8,2021-11-30,09:10:41,53,
8.8.8.8,2021-11-30,09:10:29,53,
8.8.8.8,2021-11-30,09:10:28,53,
8.8.8.8,2021-11-30,09:10:27,53,
8.8.8.8,2021-11-30,09:10:25,53,
8.8.8.8,2021-11-30,09:10:16,53,
8.8.8.8,2021-11-30,09:10:14,53,
8.8.8.8,2021-11-30,09:10:11,53,
8.8.8.8,2021-11-30,09:10:07,53,
8.8.8.8,2021-11-30,09:09:42,53,
8.8.8.8,2021-11-30,09:09:37,53,
8.8.8.8,2021-11-30,09:09:35,53,
8.8.8.8,2021-11-30,09:09:35,53,
8.8.8.8,2021-11-30,09:09:30,53,
8.8.8.8,2021-11-30,09:09:12,53,
8.8.8.8,2021-11-30,09:09:06,53,
8.8.8.8,2021-11-30,09:08:58,53,
8.8.8.8,2021-11-30,09:08:53,53,
8.8.8.8,2021-11-30,09:08:52,53,
8.8.8.8,2021-11-30,09:08:22,53,
8.8.8.8,2021-11-30,09:08:09,53,
8.8.8.8,2021-11-30,09:08:08,53,
8.8.8.8,2021-11-30,09:08:06,53,
8.8.8.8,2021-11-30,09:07:57,53,
8.8.8.8,2021-11-30,09:07:52,53,
8.8.8.8,2021-11-30,09:07:44,53,
8.8.8.8,2021-11-30,09:07:42,53,
8.8.8.8,2021-11-30,09:07:40,53,
8.8.8.8,2021-11-30,09:07:37,53,
8.8.8.8,2021-11-30,09:07:19,53,
8.8.8.8,2021-11-30,09:07:07,53,
8.8.8.8,2021-11-30,09:07:00,53,
8.8.8.8,2021-11-30,09:07:01,53,
8.8.8.8,2021-11-30,09:06:52,53,
8.8.8.8,2021-11-30,09:06:51,53,
8.8.8.8,2021-11-30,09:06:40,53,
8.8.8.8,2021-11-30,09:06:34,53,
8.8.8.8,2021-11-30,09:06:30,53,
8.8.8.8,2021-11-30,09:06:18,53,
8.8.8.8,2021-11-30,09:06:00,53,
8.8.8.8,2021-11-30,09:05:59,53,
8.8.8.8,2021-11-30,09:05:57,53,
8.8.8.8,2021-11-30,09:05:56,53,
8.8.8.8,2021-11-30,09:05:42,53,
8.8.8.8,2021-11-30,09:05:28,53,
8.8.8.8,2021-11-30,09:05:26,53,
8.8.8.8,2021-11-30,09:05:24,53,
8.8.8.8,2021-11-30,09:05:21,53,
8.8.8.8,2021-11-30,09:05:13,53,
8.8.8.8,2021-11-30,09:05:10,53,
8.8.8.8,2021-11-30,09:05:05,53,
8.8.8.8,2021-11-30,09:04:52,53,
8.8.8.8,2021-11-30,09:04:42,53,
8.8.8.8,2021-11-30,09:04:35,53,
8.8.8.8,2021-11-30,09:04:31,53,
8.8.8.8,2021-11-30,09:04:26,53,
8.8.8.8,2021-11-30,09:04:12,53,
8.8.8.8,2021-11-30,09:04:03,53,
8.8.8.8,2021-11-30,09:04:01,53,
8.8.8.8,2021-11-30,09:04:01,53,
8.8.8.8,2021-11-30,09:03:48,53,
8.8.8.8,2021-11-30,09:03:34,53,
8.8.8.8,2021-11-30,09:03:27,53,
8.8.8.8,2021-11-30,09:03:25,53,
8.8.8.8,2021-11-30,09:03:24,53,
8.8.8.8,2021-11-30,09:03:23,53,
8.8.8.8,2021-11-30,09:03:07,53,
8.8.8.8,2021-11-30,09:02:56,53,
8.8.8.8,2021-11-30,09:02:53,53,
8.8.8.8,2021-11-30,09:02:51,53,
8.8.8.8,2021-11-30,09:02:36,53,
8.8.8.8,2021-11-30,09:02:36,53,
8.8.8.8,2021-11-30,09:02:30,53,
8.8.8.8,2021-11-30,09:02:22,53,
8.8.8.8,2021-11-30,09:02:17,53,
8.8.8.8,2021-11-30,09:02:09,53,
8.8.8.8,2021-11-30,09:02:07,53,
8.8.8.8,2021-11-30,09:02:01,53,
8.8.8.8,2021-11-30,09:02:01,53,
8.8.8.8,2021-11-30,09:01:49,53,
8.8.8.8,2021-11-30,09:01:49,53,
8.8.8.8,2021-11-30,09:01:45,53,
8.8.8.8,2021-11-30,09:01:32,53,
8.8.8.8,2021-11-30,09:01:29,53,
8.8.8.8,2021-11-30,09:01:22,53,
8.8.8.8,2021-11-30,09:01:04,53,
8.8.8.8,2021-11-30,09:01:05,53,
8.8.8.8,2021-11-30,09:01:07,53,
8.8.8.8,2021-11-30,09:00:55,53,
8.8.8.8,2021-11-30,09:00:56,53,
8.8.8.8,2021-11-30,09:00:44,53,
8.8.8.8,2021-11-30,09:00:40,53,
8.8.8.8,2021-11-30,09:00:36,53,
8.8.8.8,2021-11-30,09:00:24,53,
8.8.8.8,2021-11-30,09:00:19,53,
8.8.8.8,2021-11-30,09:00:07,53,
8.8.8.8,2021-11-30,09:00:04,53,
8.8.8.8,2021-11-30,09:00:01,53,
8.8.8.8,2021-11-30,08:59:55,53,
8.8.8.8,2021-11-30,08:59:52,53,
8.8.8.8,2021-11-30,08:59:31,53,
8.8.8.8,2021-11-30,08:59:29,53,
8.8.8.8,2021-11-30,08:59:27,53,
8.8.8.8,2021-11-30,08:59:23,53,
8.8.8.8,2021-11-30,08:59:19,53,
8.8.8.8,2021-11-30,08:59:18,53,
8.8.8.8,2021-11-30,08:59:14,53,
8.8.8.8,2021-11-30,08:59:10,53,
8.8.8.8,2021-11-30,08:59:05,53,
8.8.8.8,2021-11-30,08:59:02,53,
8.8.8.8,2021-11-30,08:58:57,53,
8.8.8.8,2021-11-30,08:58:25,53,
8.8.8.8,2021-11-30,08:58:16,53,
8.8.8.8,2021-11-30,08:58:14,53,
8.8.8.8,2021-11-30,08:58:06,53,
8.8.8.8,2021-11-30,08:58:03,53,
8.8.8.8,2021-11-30,08:58:02,53,
8.8.8.8,2021-11-30,08:57:46,53,
8.8.8.8,2021-11-30,08:57:42,53,
8.8.8.8,2021-11-30,08:57:38,53,
8.8.8.8,2021-11-30,08:57:22,53,
8.8.8.8,2021-11-30,08:57:01,53,
8.8.8.8,2021-11-30,08:57:00,53,
8.8.8.8,2021-11-30,08:56:46,53,
8.8.8.8,2021-11-30,08:56:47,53,
8.8.8.8,2021-11-30,08:56:47,53,
8.8.8.8,2021-11-30,08:56:33,53,
8.8.8.8,2021-11-30,08:56:32,53,
8.8.8.8,2021-11-30,08:56:23,53,
8.8.8.8,2021-11-30,08:56:20,53,
8.8.8.8,2021-11-30,08:56:17,53,
8.8.8.8,2021-11-30,08:56:07,53,
8.8.8.8,2021-11-30,08:55:54,53,
8.8.8.8,2021-11-30,08:55:49,53,
8.8.8.8,2021-11-30,08:55:42,53,
8.8.8.8,2021-11-30,08:55:41,53,
8.8.8.8,2021-11-30,08:55:39,53,
8.8.8.8,2021-11-30,08:55:35,53,
8.8.8.8,2021-11-30,08:55:29,53,
8.8.8.8,2021-11-30,08:55:20,53,
8.8.8.8,2021-11-30,08:55:18,53,
8.8.8.8,2021-11-30,08:55:10,53,
8.8.8.8,2021-11-30,08:55:07,53,
8.8.8.8,2021-11-30,08:54:52,53,
8.8.8.8,2021-11-30,08:54:50,53,
8.8.8.8,2021-11-30,08:54:37,53,
8.8.8.8,2021-11-30,08:54:26,53,
8.8.8.8,2021-11-30,08:54:10,53,
8.8.8.8,2021-11-30,08:54:05,53,
8.8.8.8,2021-11-30,08:54:03,53,
8.8.8.8,2021-11-30,08:53:55,53,
8.8.8.8,2021-11-30,08:53:54,53,
8.8.8.8,2021-11-30,08:53:43,53,
8.8.8.8,2021-11-30,08:53:43,53,
8.8.8.8,2021-11-30,08:53:29,53,
8.8.8.8,2021-11-30,08:53:27,53,
8.8.8.8,2021-11-30,08:53:25,53,
8.8.8.8,2021-11-30,08:53:22,53,
8.8.8.8,2021-11-30,08:53:12,53,
8.8.8.8,2021-11-30,08:53:08,53,
8.8.8.8,2021-11-30,08:53:01,53,
8.8.8.8,2021-11-30,08:52:48,53,
8.8.8.8,2021-11-30,08:52:21,53,
8.8.8.8,2021-11-30,08:52:20,53,
8.8.8.8,2021-11-30,08:52:16,53,
8.8.8.8,2021-11-30,08:52:14,53,
8.8.8.8,2021-11-30,08:51:48,53,
8.8.8.8,2021-11-30,08:51:44,53,
8.8.8.8,2021-11-30,08:51:42,53,
8.8.8.8,2021-11-30,08:51:36,53,
8.8.8.8,2021-11-30,08:51:31,53,
8.8.8.8,2021-11-30,08:51:30,53,
8.8.8.8,2021-11-30,08:51:27,53,
8.8.8.8,2021-11-30,08:51:24,53,
8.8.8.8,2021-11-30,08:51:17,53,
8.8.8.8,2021-11-30,08:51:17,53,
8.8.8.8,2021-11-30,08:51:14,53,
8.8.8.8,2021-11-30,08:50:55,53,
8.8.8.8,2021-11-30,08:50:48,53,
8.8.8.8,2021-11-30,08:50:37,53,
8.8.8.8,2021-11-30,08:50:31,53,
8.8.8.8,2021-11-30,08:50:21,53,
8.8.8.8,2021-11-30,08:50:08,53,
8.8.8.8,2021-11-30,08:50:06,53,
8.8.8.8,2021-11-30,08:50:07,53,
8.8.8.8,2021-11-30,08:49:56,53,
8.8.8.8,2021-11-30,08:49:45,53,
8.8.8.8,2021-11-30,08:49:42,53,
8.8.8.8,2021-11-30,08:49:36,53,
8.8.8.8,2021-11-30,08:49:29,53,
8.8.8.8,2021-11-30,08:49:27,53,
8.8.8.8,2021-11-30,08:49:25,53,
8.8.8.8,2021-11-30,08:49:12,53,
8.8.8.8,2021-11-30,08:49:06,53,
8.8.8.8,2021-11-30,08:48:57,53,
8.8.8.8,2021-11-30,08:48:42,53,
8.8.8.8,2021-11-30,08:48:30,53,
8.8.8.8,2021-11-30,08:48:26,53,
8.8.8.8,2021-11-30,08:48:20,53,
8.8.8.8,2021-11-30,08:48:16,53,
8.8.8.8,2021-11-30,08:48:01,53,
8.8.8.8,2021-11-30,08:47:52,53,
8.8.8.8,2021-11-30,08:47:52,53,
8.8.8.8,2021-11-30,08:47:42,53,
8.8.8.8,2021-11-30,08:47:39,53,
8.8.8.8,2021-11-30,08:47:38,53,
8.8.8.8,2021-11-30,08:47:21,53,
8.8.8.8,2021-11-30,08:47:07,53,
8.8.8.8,2021-11-30,08:47:03,53,
8.8.8.8,2021-11-30,08:46:53,53,
8.8.8.8,2021-11-30,08:46:49,53,
8.8.8.8,2021-11-30,08:46:37,53,
8.8.8.8,2021-11-30,08:46:35,53,
8.8.8.8,2021-11-30,08:46:33,53,
8.8.8.8,2021-11-30,08:46:18,53,
8.8.8.8,2021-11-30,08:46:16,53,
8.8.8.8,2021-11-30,08:46:14,53,
8.8.8.8,2021-11-30,08:46:10,53,
8.8.8.8,2021-11-30,08:46:05,53,
8.8.8.8,2021-11-30,08:45:59,53,
8.8.8.8,2021-11-30,08:45:49,53,
8.8.8.8,2021-11-30,08:45:36,53,
8.8.8.8,2021-11-30,08:45:36,53,
8.8.8.8,2021-11-30,08:45:33,53,
8.8.8.8,2021-11-30,08:45:30,53,
8.8.8.8,2021-11-30,08:45:30,53,
8.8.8.8,2021-11-30,08:45:29,53,
8.8.8.8,2021-11-30,08:45:29,53,
8.8.8.8,2021-11-30,08:45:22,53,
8.8.8.8,2021-11-30,08:45:18,53,
8.8.8.8,2021-11-30,08:45:07,53,
8.8.8.8,2021-11-30,08:45:07,53,
157.240.221.35,2021-11-24,21:23:35,80,
157.240.221.35,2021-11-24,11:17:33,80,
157.240.221.35,2021-11-16,07:49:35,443,
157.240.221.35,2021-11-16,04:36:31,80,
157.240.221.35,2021-11-15,16:23:06,443,
157.240.221.35,2021-11-13,15:36:21,443,
157.240.221.35,2021-11-10,16:56:50,80,
157.240.221.35,2021-11-09,23:52:47,443,
157.240.221.35,2021-11-09,02:49:49,443,
157.240.221.35,2021-11-05,01:40:00,80,
157.240.221.35,2021-11-04,06:30:45,80,
157.240.221.35,2021-11-02,06:22:14,80,
157.240.221.35,2021-10-29,12:05:38,443,
157.240.221.35,2021-10-21,12:34:43,443,
157.240.221.35,2021-10-17,13:35:27,443,
157.240.221.35,2021-10-17,01:17:36,443,
157.240.221.35,2021-10-15,15:24:15,443,
157.240.221.35,2021-10-11,21:24:33,80,
157.240.221.35,2021-10-09,20:10:14,443,
157.240.221.35,2021-10-06,15:49:16,443,
157.240.221.35,2021-10-02,15:02:32,80,
157.240.221.35,2021-09-30,07:12:51,80,
157.240.221.35,2021-09-30,06:51:59,80,
157.240.221.35,2021-09-30,01:33:49,80,
157.240.221.35,2021-09-29,20:17:33,80,
157.240.221.35,2021-09-29,20:14:16,80,
157.240.221.35,2021-09-28,18:03:17,443,
157.240.221.35,2021-09-27,00:58:54,80,
157.240.221.35,2021-09-25,02:54:16,80,
157.240.221.35,2021-09-23,20:59:15,80,
157.240.221.35,2021-09-19,07:21:56,443,
157.240.221.35,2021-09-15,00:15:11,80,
157.240.221.35,2021-09-13,23:37:22,443,
157.240.221.35,2021-09-12,02:54:10,80,
157.240.221.35,2021-09-10,11:05:47,443,
157.240.221.35,2021-09-09,03:48:41,80,
157.240.221.35,2021-09-08,19:14:08,80,
157.240.221.35,2021-09-06,23:18:23,80,
157.240.221.35,2021-09-06,05:53:17,80,
157.240.221.35,2021-09-05,10:11:22,443,
157.240.221.35,2021-09-04,16:20:56,443,
157.240.221.35,2021-09-01,19:20:47,443,
157.240.221.35,2021-08-29,07:09:20,443,
157.240.221.35,2021-08-17,12:19:47,443,
157.240.221.35,2021-08-13,16:44:34,443,
157.240.221.35,2021-08-13,01:05:55,443,
157.240.221.35,2021-08-06,21:39:07,80,
157.240.221.35,2021-08-04,00:16:14,443,
157.240.221.35,2021-08-03,16:16:57,80,
157.240.221.35,2021-08-02,06:52:32,443,
157.240.221.35,2021-08-01,16:32:45,443,
157.240.221.35,2021-07-25,15:18:10,443,
157.240.221.35,2021-07-25,06:16:24,443,
157.240.221.35,2021-07-18,16:07:04,80,
157.240.221.35,2021-07-14,23:49:34,443,
157.240.221.35,2021-07-14,21:59:29,443,
157.240.221.35,2021-07-11,15:07:11,443,
157.240.221.35,2021-07-10,07:08:32,80,
157.240.221.35,2021-07-05,23:45:43,80,
157.240.221.35,2021-07-02,14:50:01,80,
157.240.221.35,2021-07-02,12:15:09,443,
157.240.221.35,2021-07-02,16:30:40,80,
157.240.221.35,2021-07-02,11:21:27,80,
157.240.221.35,2021-07-02,12:55:01,443,
157.240.221.35,2021-07-02,12:15:41,80,
157.240.221.35,2021-07-02,08:12:52,80,
157.240.221.35,2021-07-02,08:25:47,443,
157.240.221.35,2021-07-02,07:39:29,80,
157.240.221.35,2021-07-02,07:08:56,80,
157.240.221.35,2021-07-02,04:24:24,80,
157.240.221.35,2021-07-02,04:22:00,443,
157.240.221.35,2021-07-02,04:16:30,80,
157.240.221.35,2021-07-02,04:06:52,80,
157.240.221.35,2021-06-22,22:19:24,80,
157.240.221.35,2021-06-22,21:48:28,443,
157.240.221.35,2021-06-19,10:29:08,80,
157.240.221.35,2021-06-16,12:31:44,443,
157.240.221.35,2021-06-16,09:41:20,80,
157.240.221.35,2021-06-15,19:34:26,80,
157.240.221.35,2021-06-15,07:23:09,80,
157.240.221.35,2021-06-11,02:46:01,80,
157.240.221.35,2021-06-10,05:21:47,80,
157.240.221.35,2021-06-10,02:54:08,443,
157.240.221.35,2021-06-08,20:51:16,80,
157.240.221.35,2021-05-30,01:38:32,443,
157.240.221.35,2021-05-15,07:38:34,80,
157.240.221.35,2021-05-12,03:56:34,80,
157.240.221.35,2021-05-02,07:19:12,80,
157.240.221.35,2021-05-02,09:29:11,443,
157.240.221.35,2021-05-02,08:00:52,80,
157.240.221.35,2021-05-01,16:41:01,443,
157.240.221.35,2021-05-01,00:35:07,443,
157.240.221.35,2021-04-30,19:25:53,443,
157.240.221.35,2021-04-29,13:09:36,443,
157.240.221.35,2021-04-25,03:45:39,80,
157.240.221.35,2021-04-23,05:33:03,80,
157.240.221.35,2021-04-21,04:41:49,80,
157.240.221.35,2021-04-14,18:02:43,443,
157.240.221.35,2021-04-14,17:36:52,80,
157.240.221.35,2021-04-12,19:02:49,443,
157.240.221.35,2021-04-11,05:14:34,80,
157.240.221.35,2021-04-09,06:36:00,80,
157.240.221.35,2021-04-05,22:44:43,80,
157.240.221.35,2021-04-03,22:19:25,80,
157.240.221.35,2021-03-24,03:08:31,80,
157.240.221.35,2021-03-23,12:31:01,80,
157.240.221.35,2021-03-22,06:44:02,80,
157.240.221.35,2021-03-21,15:18:47,80,
157.240.221.35,2021-03-21,14:10:22,443,
157.240.221.35,2021-03-14,06:47:15,443,
157.240.221.35,2021-03-08,19:08:26,80,
157.240.221.35,2021-03-06,08:23:10,80,
157.240.221.35,2021-02-26,10:33:44,443,
157.240.221.35,2021-02-16,22:07:09,80,
157.240.221.35,2021-02-15,09:03:44,80,
157.240.221.35,2021-02-12,07:14:51,443,
157.240.221.35,2021-02-08,23:50:41,80,
157.240.221.35,2021-02-08,12:23:48,80,
157.240.221.35,2021-02-07,14:07:01,80,
157.240.221.35,2021-02-05,22:08:54,80,
157.240.221.35,2021-02-04,14:48:51,80,
157.240.221.35,2021-02-01,22:28:18,443,
157.240.221.35,2021-01-31,19:48:29,443,
157.240.221.35,2021-01-30,12:48:53,80,
157.240.221.35,2021-01-29,21:46:10,80,
157.240.221.35,2021-01-18,07:38:06,80,
157.240.221.35,2021-01-13,14:17:43,80,
157.240.221.35,2021-01-12,23:38:33,80,
157.240.221.35,2021-01-07,14:05:42,443,
157.240.221.35,2021-01-07,03:22:09,80,
157.240.221.35,2021-01-04,01:02:03,80,
157.240.221.35,2021-01-01,12:22:31,443,
157.240.221.35,2020-12-28,19:32:19,80,
157.240.221.35,2020-12-19,08:07:04,443,
157.240.221.35,2020-12-12,20:25:16,443,
157.240.221.35,2020-12-11,17:02:59,443,
157.240.221.35,2020-12-10,10:30:32,80,
157.240.221.35,2020-12-06,20:26:47,443,
157.240.221.35,2020-12-03,15:00:46,443,
157.240.221.35,2020-12-03,12:30:12,80,
157.240.221.35,2020-12-02,17:16:32,443,
157.240.221.35,2020-12-01,05:03:46,80,
157.240.221.35,2020-11-29,10:23:01,443,
157.240.221.35,2020-11-27,23:48:00,443,
157.240.221.35,2020-11-27,20:57:04,443,
157.240.221.35,2020-11-24,08:48:42,443,
157.240.221.35,2020-11-24,03:38:05,443,
157.240.221.35,2020-11-23,22:50:27,80,
157.240.221.35,2020-11-23,18:59:28,443,
157.240.221.35,2020-11-23,14:21:37,80,
157.240.221.35,2020-11-20,00:50:18,443,
157.240.221.35,2020-11-18,16:51:31,443,
157.240.221.35,2020-11-16,17:29:26,80,
157.240.221.35,2020-11-12,10:13:19,443,
157.240.221.35,2020-11-01,04:41:42,443,
157.240.221.35,2020-10-28,00:12:32,443,
157.240.221.35,2020-10-26,19:23:56,443,
157.240.221.35,2020-10-26,04:39:37,443,
157.240.221.35,2020-10-25,18:29:10,443,
157.240.221.35,2020-10-23,17:57:24,80,
157.240.221.35,2020-10-22,18:09:26,443,
157.240.221.35,2020-10-21,17:24:32,80,
157.240.221.35,2020-10-09,18:29:38,443,
157.240.221.35,2020-10-09,05:32:18,80,
157.240.221.35,2020-10-07,13:12:30,80,
157.240.221.35,2020-10-06,00:26:07,443,
157.240.221.35,2020-09-23,02:33:49,80,
157.240.221.35,2020-09-18,18:35:05,443,
157.240.221.35,2020-09-14,16:08:24,80,
157.240.221.35,2020-09-13,02:04:22,443,
157.240.221.35,2020-09-10,21:07:11,443,
157.240.221.35,2020-09-07,20:07:36,443,
157.240.221.35,2020-09-04,13:01:41,80,
157.240.221.35,2020-09-04,08:26:56,443,
157.240.221.35,2020-09-01,17:01:02,443,
157.240.221.35,2020-09-01,17:00:57,80,
157.240.221.35,2020-09-01,15:00:12,443,
157.240.221.35,2020-09-01,15:00:09,80,
157.240.221.35,2020-09-01,14:34:26,443,
157.240.221.35,2020-09-01,14:34:25,80,
157.240.221.35,2020-09-01,12:35:30,443,
157.240.221.35,2020-09-01,09:59:45,443,
157.240.221.35,2020-09-01,09:59:43,80,
157.240.221.35,2020-09-01,07:18:21,443,
157.240.221.35,2020-09-01,07:18:13,80,
157.240.221.35,2020-09-01,05:48:42,443,
157.240.221.35,2020-09-01,05:48:39,80,
157.240.221.35,2020-09-01,03:58:19,443,
157.240.221.35,2020-09-01,02:12:52,443,
157.240.221.35,2020-09-01,01:30:38,443,
157.240.221.35,2020-08-31,22:14:28,443,
157.240.221.35,2020-08-31,18:46:28,443,
157.240.221.35,2020-08-31,18:31:09,443,
157.240.221.35,2020-08-31,18:11:34,443,
157.240.221.35,2020-08-31,18:05:16,443,
157.240.221.35,2020-08-31,18:05:14,80,
157.240.221.35,2020-08-31,17:40:00,443,
157.240.221.35,2020-08-31,17:33:36,80,
157.240.221.35,2020-08-31,14:54:21,443,
157.240.221.35,2020-08-31,14:19:21,443,
157.240.221.35,2020-08-31,14:19:13,80,
157.240.221.35,2020-08-31,14:14:17,443,
157.240.221.35,2020-08-31,14:14:14,80,
157.240.221.35,2020-08-31,13:18:46,443,
157.240.221.35,2020-08-31,13:01:36,443,
157.240.221.35,2020-08-31,13:01:33,80,
157.240.221.35,2020-08-31,11:37:23,443,
157.240.221.35,2020-08-31,11:04:56,443,
157.240.221.35,2020-08-31,10:58:33,443,
157.240.221.35,2020-08-31,06:11:51,443,
157.240.221.35,2020-08-31,06:11:47,80,
157.240.221.35,2020-08-31,05:16:17,443,
157.240.221.35,2020-08-31,04:58:18,443,
157.240.221.35,2020-08-31,04:21:20,443,
157.240.221.35,2020-08-31,04:21:17,80,
157.240.221.35,2020-08-30,22:31:43,80,
157.240.221.35,2020-08-30,21:15:31,443,
157.240.221.35,2020-08-30,21:15:32,80,
157.240.221.35,2020-08-30,20:28:50,443,
157.240.221.35,2020-08-30,20:28:50,80,
157.240.221.35,2020-08-30,10:41:09,80,
157.240.221.35,2020-08-30,08:30:33,443,
157.240.221.35,2020-08-29,22:00:49,443,
157.240.221.35,2020-08-29,21:03:14,443,
157.240.221.35,2020-08-29,20:54:32,443,
157.240.221.35,2020-08-29,20:14:25,443,
157.240.221.35,2020-08-29,18:49:49,443,
157.240.221.35,2020-08-29,18:49:49,80,
157.240.221.35,2020-08-29,18:48:02,443,
157.240.221.35,2020-08-29,18:32:53,443,
157.240.221.35,2020-08-29,18:32:45,80,
157.240.221.35,2020-08-29,16:04:22,443,
157.240.221.35,2020-08-29,15:57:50,443,
157.240.221.35,2020-08-29,14:35:04,443,
157.240.221.35,2020-08-29,14:01:12,443,
157.240.221.35,2020-08-29,13:38:42,443,
157.240.221.35,2020-08-29,12:12:07,443,
157.240.221.35,2020-08-29,10:26:59,443,
157.240.221.35,2020-08-29,10:26:59,80,
157.240.221.35,2020-08-29,09:14:20,443,
157.240.221.35,2020-08-29,09:14:17,80,
157.240.221.35,2020-08-29,05:14:23,443,
157.240.221.35,2020-08-29,05:08:50,443,
157.240.221.35,2020-08-29,05:08:48,80,
157.240.221.35,2020-08-28,23:37:24,443,
157.240.221.35,2020-08-28,22:35:30,443,
157.240.221.35,2020-08-28,22:35:28,80,
157.240.221.35,2020-08-28,09:47:42,80,
157.240.221.35,2020-08-28,01:15:36,443,
157.240.221.35,2020-08-27,23:21:11,443,
157.240.221.35,2020-08-27,17:48:23,443,
157.240.221.35,2020-08-27,17:42:10,443,
157.240.221.35,2020-08-27,17:20:02,443,
157.240.221.35,2020-08-27,15:53:47,443,
157.240.221.35,2020-08-27,14:51:19,443,
157.240.221.35,2020-08-27,13:51:54,443,
157.240.221.35,2020-08-27,13:52:06,80,
157.240.221.35,2020-08-27,12:39:44,80,
157.240.221.35,2020-08-27,11:40:27,443,
157.240.221.35,2020-08-27,11:40:23,80,
157.240.221.35,2020-08-27,11:03:23,443,
157.240.221.35,2020-08-27,11:03:19,80,
157.240.221.35,2020-08-27,10:43:05,443,
157.240.221.35,2020-08-27,10:43:03,80,
157.240.221.35,2020-08-27,10:29:26,443,
157.240.221.35,2020-08-27,10:29:24,80,
157.240.221.35,2020-08-27,10:21:47,443,
157.240.221.35,2020-08-27,09:13:08,443,
157.240.221.35,2020-08-27,09:13:03,80,
157.240.221.35,2020-08-27,08:45:56,443,
157.240.221.35,2020-08-27,08:45:52,80,
157.240.221.35,2020-08-27,08:05:49,443,
157.240.221.35,2020-08-27,08:05:42,80,
157.240.221.35,2020-08-27,07:28:53,443,
157.240.221.35,2020-08-27,06:25:29,443,
157.240.221.35,2020-08-27,04:35:47,443,
157.240.221.35,2020-08-27,04:32:57,443,
157.240.221.35,2020-08-27,04:32:48,80,
157.240.221.35,2020-08-26,22:30:05,443,
157.240.221.35,2020-08-26,22:30:01,80,
157.240.221.35,2020-08-26,21:39:02,443,
157.240.221.35,2020-08-26,21:38:58,80,
157.240.221.35,2020-08-26,20:33:49,443,
157.240.221.35,2020-08-26,20:33:46,80,
157.240.221.35,2020-08-26,18:43:02,443,
157.240.221.35,2020-08-26,08:05:23,443,
157.240.221.35,2020-08-19,06:51:28,443,
157.240.221.35,2020-08-18,17:29:28,80,
157.240.221.35,2020-08-17,23:53:55,443,
157.240.221.35,2020-08-17,18:54:21,443,
157.240.221.35,2020-08-09,15:08:19,443,
157.240.221.35,2020-08-07,20:05:12,443,
157.240.221.35,2020-08-01,14:05:30,443,
157.240.221.35,2020-07-27,11:10:07,80,
157.240.221.35,2020-07-27,02:33:03,80,
157.240.221.35,2020-07-26,07:15:14,443,
157.240.221.35,2020-07-25,06:53:42,443,
157.240.221.35,2020-07-24,12:16:31,443,
157.240.221.35,2020-07-22,23:03:41,443,
157.240.221.35,2020-07-13,01:45:33,80,
157.240.221.35,2020-07-13,01:26:12,80,
157.240.221.35,2020-07-07,11:03:11,443,
157.240.221.35,2020-07-04,08:29:38,443,
157.240.221.35,2020-07-02,08:27:19,443,
157.240.221.35,2020-07-02,02:05:04,443,
157.240.221.35,2020-06-25,22:08:31,443,
157.240.221.35,2020-06-17,12:11:50,443,
157.240.221.35,2020-06-13,13:32:22,443,
157.240.221.35,2020-06-13,12:10:54,443,
157.240.221.35,2020-06-13,11:39:24,443,
157.240.221.35,2020-06-13,10:47:45,443,
157.240.221.35,2020-06-13,10:47:39,80,
157.240.221.35,2020-06-13,10:37:42,443,
157.240.221.35,2020-06-13,09:53:27,443,
157.240.221.35,2020-06-13,08:52:22,443,
157.240.221.35,2020-06-13,08:52:11,80,
157.240.221.35,2020-06-13,07:39:49,443,
157.240.221.35,2020-06-13,07:11:20,443,
157.240.221.35,2020-06-13,07:08:55,443,
157.240.221.35,2020-06-13,06:19:31,443,
157.240.221.35,2020-06-13,06:18:14,443,
157.240.221.35,2020-06-13,04:54:06,443,
157.240.221.35,2020-06-13,04:43:27,443,
157.240.221.35,2020-06-13,03:59:30,443,
157.240.221.35,2020-06-13,03:59:27,80,
157.240.221.35,2020-06-13,02:02:51,443,
157.240.221.35,2020-06-13,01:35:07,443,
157.240.221.35,2020-06-13,01:34:57,80,
157.240.221.35,2020-06-13,01:34:30,443,
157.240.221.35,2020-06-13,01:02:48,443,
157.240.221.35,2020-06-13,00:43:19,443,
157.240.221.35,2020-06-13,00:15:34,443,
157.240.221.35,2020-06-12,23:14:23,443,
157.240.221.35,2020-06-12,22:38:39,443,
157.240.221.35,2020-06-12,22:38:35,80,
157.240.221.35,2020-06-12,22:21:42,443,
157.240.221.35,2020-06-12,21:27:11,443,
157.240.221.35,2020-06-12,20:09:12,443,
157.240.221.35,2020-06-12,20:09:08,80,
157.240.221.35,2020-06-12,19:33:26,443,
157.240.221.35,2020-06-12,18:12:13,443,
157.240.221.35,2020-06-12,17:44:10,443,
157.240.221.35,2020-06-12,17:19:41,443,
157.240.221.35,2020-06-12,17:06:09,443,
157.240.221.35,2020-06-12,16:13:34,443,
157.240.221.35,2020-06-12,16:13:29,80,
157.240.221.35,2020-06-12,15:11:40,443,
157.240.221.35,2020-06-12,09:14:50,80,
157.240.221.35,2020-06-11,13:11:41,443,
157.240.221.35,2020-06-11,13:11:38,80,
157.240.221.35,2020-06-11,12:45:46,443,
157.240.221.35,2020-06-11,12:45:42,80,
157.240.221.35,2020-06-11,11:37:24,443,
157.240.221.35,2020-06-11,11:37:16,80,
157.240.221.35,2020-06-11,10:34:30,443,
157.240.221.35,2020-06-11,10:19:24,443,
157.240.221.35,2020-06-11,10:19:20,80,
157.240.221.35,2020-06-11,09:48:44,443,
157.240.221.35,2020-06-11,09:48:40,80,
157.240.221.35,2020-06-11,09:15:28,443,
157.240.221.35,2020-06-11,08:58:45,443,
157.240.221.35,2020-06-11,08:58:40,80,
157.240.221.35,2020-06-11,08:46:51,443,
157.240.221.35,2020-06-11,08:46:47,80,
157.240.221.35,2020-06-11,08:43:46,443,
157.240.221.35,2020-06-11,07:20:19,80,
157.240.221.35,2020-06-11,06:10:08,443,
157.240.221.35,2020-06-11,06:10:00,80,
157.240.221.35,2020-06-11,06:03:21,443,
157.240.221.35,2020-06-11,05:33:15,443,
157.240.221.35,2020-06-11,05:04:46,443,
157.240.221.35,2020-06-11,05:04:40,80,
157.240.221.35,2020-06-11,04:14:16,443,
157.240.221.35,2020-06-11,04:03:08,443,
157.240.221.35,2020-06-11,03:52:24,443,
157.240.221.35,2020-06-11,03:13:35,443,
157.240.221.35,2020-06-11,01:48:25,443,
157.240.221.35,2020-06-11,01:48:21,80,
157.240.221.35,2020-06-11,01:41:17,443,
157.240.221.35,2020-06-11,01:41:09,80,
157.240.221.35,2020-06-11,01:20:37,443,
157.240.221.35,2020-06-11,00:46:07,443,
157.240.221.35,2020-06-10,23:59:40,443,
157.240.221.35,2020-06-10,23:59:36,80,
157.240.221.35,2020-06-10,23:49:32,443,
157.240.221.35,2020-06-10,23:36:38,443,
157.240.221.35,2020-06-10,23:00:10,443,
157.240.221.35,2020-06-10,22:28:31,443,
157.240.221.35,2020-06-10,21:13:53,80,
157.240.221.35,2020-06-10,19:33:30,443,
157.240.221.35,2020-06-10,19:13:49,443,
157.240.221.35,2020-06-10,18:48:41,443,
157.240.221.35,2020-06-10,18:48:38,80,
157.240.221.35,2020-06-10,18:43:22,443,
157.240.221.35,2020-06-10,18:01:35,443,
157.240.221.35,2020-06-10,14:41:08,443,
157.240.221.35,2020-06-10,14:10:48,443,
157.240.221.35,2020-06-10,14:10:44,80,
157.240.221.35,2020-06-10,14:07:43,443,
157.240.221.35,2020-06-10,13:45:15,80,
157.240.221.35,2020-06-10,13:41:38,443,
157.240.221.35,2020-06-10,13:41:34,80,
157.240.221.35,2020-06-10,13:24:47,443,
157.240.221.35,2020-06-10,12:56:28,443,
157.240.221.35,2020-06-10,12:31:50,443,
157.240.221.35,2020-06-10,12:31:41,80,
157.240.221.35,2020-06-10,11:33:50,80,
157.240.221.35,2020-06-10,11:30:08,443,
157.240.221.35,2020-06-10,11:21:33,80,
157.240.221.35,2020-06-10,09:24:26,443,
157.240.221.35,2020-06-10,08:34:40,443,
157.240.221.35,2020-06-10,06:57:01,80,
157.240.221.35,2020-06-10,05:31:16,443,
157.240.221.35,2020-06-10,05:31:12,80,
157.240.221.35,2020-06-10,05:16:20,443,
157.240.221.35,2020-06-10,03:08:26,443,
157.240.221.35,2020-06-10,03:08:19,80,
157.240.221.35,2020-06-10,03:08:04,443,
157.240.221.35,2020-06-10,01:51:51,443,
157.240.221.35,2020-06-10,00:38:51,443,
157.240.221.35,2020-06-09,23:13:53,443,
157.240.221.35,2020-06-09,22:18:52,80,
157.240.221.35,2020-06-09,17:53:12,443,
157.240.221.35,2020-06-09,17:53:08,80,
157.240.221.35,2020-06-09,17:34:07,443,
157.240.221.35,2020-06-09,17:34:01,80,
157.240.221.35,2020-06-09,16:52:29,443,
157.240.221.35,2020-06-09,16:20:27,443,
157.240.221.35,2020-06-09,16:20:21,80,
157.240.221.35,2020-06-09,16:08:11,443,
157.240.221.35,2020-06-09,16:08:07,80,
157.240.221.35,2020-06-09,15:36:17,443,
157.240.221.35,2020-06-09,14:04:37,443,
157.240.221.35,2020-06-09,13:53:47,443,
157.240.221.35,2020-06-09,13:40:25,443,
157.240.221.35,2020-06-09,13:40:21,80,
157.240.221.35,2020-06-09,13:33:46,443,
157.240.221.35,2020-06-09,12:52:31,443,
157.240.221.35,2020-06-09,12:24:22,443,
157.240.221.35,2020-06-09,11:29:58,80,
157.240.221.35,2020-06-09,11:24:44,443,
157.240.221.35,2020-06-09,11:00:27,443,
157.240.221.35,2020-06-09,11:00:21,80,
157.240.221.35,2020-06-09,10:03:25,80,
157.240.221.35,2020-06-09,10:02:40,443,
157.240.221.35,2020-06-09,09:30:12,443,
157.240.221.35,2020-06-09,09:30:08,80,
157.240.221.35,2020-06-09,08:43:55,80,
157.240.221.35,2020-06-09,08:37:57,80,
157.240.221.35,2020-06-09,08:01:26,80,
157.240.221.35,2020-06-09,07:02:22,443,
157.240.221.35,2020-06-09,06:39:53,443,
157.240.221.35,2020-06-09,06:16:39,443,
157.240.221.35,2020-06-09,05:56:46,443,
157.240.221.35,2020-06-09,05:56:33,443,
157.240.221.35,2020-06-09,05:56:27,80,
157.240.221.35,2020-06-09,05:22:13,443,
157.240.221.35,2020-06-09,04:51:19,443,
157.240.221.35,2020-06-09,03:16:42,443,
157.240.221.35,2020-06-09,03:16:35,80,
157.240.221.35,2020-06-09,01:37:06,443,
157.240.221.35,2020-06-09,01:36:59,80,
157.240.221.35,2020-06-09,01:19:35,443,
157.240.221.35,2020-06-09,00:51:15,443,
157.240.221.35,2020-06-09,00:21:58,80,
157.240.221.35,2020-06-08,22:13:37,443,
157.240.221.35,2020-06-08,21:34:31,443,
157.240.221.35,2020-06-08,21:34:25,80,
157.240.221.35,2020-06-08,21:22:18,443,
157.240.221.35,2020-06-08,21:18:07,443,
157.240.221.35,2020-06-08,20:51:14,443,
157.240.221.35,2020-06-08,18:57:24,443,
157.240.221.35,2020-06-08,18:41:14,443,
157.240.221.35,2020-06-08,18:32:30,80,
157.240.221.35,2020-06-08,17:33:17,443,
157.240.221.35,2020-06-08,17:33:13,80,
157.240.221.35,2020-06-08,17:24:39,443,
157.240.221.35,2020-06-08,16:56:23,443,
157.240.221.35,2020-06-08,15:33:54,443,
157.240.221.35,2020-06-08,15:33:48,80,
157.240.221.35,2020-06-08,15:08:45,443,
157.240.221.35,2020-06-08,15:08:41,80,
157.240.221.35,2020-06-08,15:05:54,443,
157.240.221.35,2020-06-08,15:05:47,80,
157.240.221.35,2020-06-08,13:45:49,443,
157.240.221.35,2020-06-08,13:36:07,443,
157.240.221.35,2020-06-07,00:14:50,443,
157.240.221.35,2020-06-04,10:21:48,443,
157.240.221.35,2020-06-04,01:26:19,80,
157.240.221.35,2020-06-02,13:09:24,443,
157.240.221.35,2020-06-02,13:00:33,443,
157.240.221.35,2020-06-02,12:16:36,443,
157.240.221.35,2020-06-02,12:11:15,443,
157.240.221.35,2020-06-02,12:11:11,80,
157.240.221.35,2020-06-02,09:44:45,443,
157.240.221.35,2020-06-02,09:05:49,443,
157.240.221.35,2020-06-02,09:05:45,80,
157.240.221.35,2020-06-02,08:49:08,443,
157.240.221.35,2020-06-02,08:08:25,443,
157.240.221.35,2020-06-02,07:58:26,443,
176.34.117.72,2021-11-22,20:56:43,80,
176.34.117.72,2021-11-20,05:37:45,80,
176.34.117.72,2021-11-08,08:08:39,80,
176.34.117.72,2021-11-05,14:54:04,80,
176.34.117.72,2021-11-05,14:29:31,80,
176.34.117.72,2021-11-04,13:33:07,80,
176.34.117.72,2021-10-31,18:53:04,80,
176.34.117.72,2021-10-31,04:59:41,80,
176.34.117.72,2021-10-30,23:27:11,80,
176.34.117.72,2021-10-29,07:21:50,80,
176.34.117.72,2021-10-25,01:04:56,80,
176.34.117.72,2021-10-24,22:41:53,80,
176.34.117.72,2021-10-24,20:50:42,80,
176.34.117.72,2021-10-23,10:34:44,80,
176.34.117.72,2021-10-22,04:49:16,80,
176.34.117.72,2021-10-12,06:46:57,80,
176.34.117.72,2021-10-12,01:54:03,80,
176.34.117.72,2021-10-07,00:13:52,80,
176.34.117.72,2021-10-03,13:59:35,80,
176.34.117.72,2021-09-29,06:43:20,80,
176.34.117.72,2021-09-16,00:00:17,80,
176.34.117.72,2021-09-13,09:59:28,80,
176.34.117.72,2021-09-11,19:42:29,80,
176.34.117.72,2021-09-09,02:51:17,80,
176.34.117.72,2021-09-08,02:53:13,80,
176.34.117.72,2021-09-01,10:19:48,80,
176.34.117.72,2021-08-13,12:09:12,80,
176.34.117.72,2021-08-12,02:26:09,80,
176.34.117.72,2021-08-08,05:59:35,80,
176.34.117.72,2021-08-06,18:25:38,80,
176.34.117.72,2021-08-06,05:00:49,80,
176.34.117.72,2021-07-29,17:30:13,80,
176.34.117.72,2021-07-25,13:20:23,80,
176.34.117.72,2021-07-24,05:40:41,80,
176.34.117.72,2021-07-18,14:31:54,80,
176.34.117.72,2021-07-15,16:45:00,80,
176.34.117.72,2021-07-12,12:26:09,80,
176.34.117.72,2021-07-08,10:03:06,80,
176.34.117.72,2021-07-07,02:03:49,80,
176.34.117.72,2021-06-23,10:52:59,80,
176.34.117.72,2021-06-19,15:21:33,80,
176.34.117.72,2021-05-16,01:54:10,80,
176.34.117.72,2021-05-15,19:18:34,80,
176.34.117.72,2021-05-04,14:59:44,80,
176.34.117.72,2021-04-12,05:58:30,80,
176.34.117.72,2021-04-08,15:42:10,80,
176.34.117.72,2021-04-08,02:14:31,80,
176.34.117.72,2021-04-05,03:32:42,80,
176.34.117.72,2021-04-02,11:17:29,80,
176.34.117.72,2021-03-28,02:22:27,80,
176.34.117.72,2021-03-22,01:16:04,80,
176.34.117.72,2021-03-21,00:26:14,80,
176.34.117.72,2021-03-12,19:06:40,80,
176.34.117.72,2021-03-11,05:01:24,80,
176.34.117.72,2021-03-10,02:07:31,80,
176.34.117.72,2021-03-08,02:36:51,80,
176.34.117.72,2021-03-04,16:20:28,80,
176.34.117.72,2021-02-18,15:35:12,80,
176.34.117.72,2021-02-14,06:41:01,80,
176.34.117.72,2021-02-09,10:29:32,80,
176.34.117.72,2021-02-05,15:08:19,80,
176.34.117.72,2021-02-03,13:36:37,80,
176.34.117.72,2021-02-02,04:35:37,80,
176.34.117.72,2021-02-01,00:53:38,80,
176.34.117.72,2021-01-31,10:35:56,80,
176.34.117.72,2021-01-28,00:20:22,80,
176.34.117.72,2021-01-27,01:00:42,80,
176.34.117.72,2021-01-16,05:03:31,80,
176.34.117.72,2021-01-05,22:08:09,80,
176.34.117.72,2021-01-01,03:11:29,80,
176.34.117.72,2020-12-29,20:03:57,80,
176.34.117.72,2020-12-23,06:18:23,80,
176.34.117.72,2020-12-21,10:59:08,80,
176.34.117.72,2020-12-11,22:29:22,80,
176.34.117.72,2020-12-08,09:54:36,80,
176.34.117.72,2020-11-30,10:23:52,80,
176.34.117.72,2020-11-17,21:27:55,80,
176.34.117.72,2020-11-11,08:44:54,80,
176.34.117.72,2020-11-05,12:10:16,80,
176.34.117.72,2020-09-27,09:45:19,80,
176.34.117.72,2020-09-18,13:22:47,80,
176.34.117.72,2020-09-17,02:18:55,80,
176.34.117.72,2020-09-06,01:13:14,80,
176.34.117.72,2020-08-23,02:32:33,80,
176.34.117.72,2020-08-14,08:44:25,80,
176.34.117.72,2020-08-08,17:37:17,80,
176.34.117.72,2020-07-30,01:11:26,80,
176.34.117.72,2020-07-26,18:18:07,80,
176.34.117.72,2020-07-09,19:40:58,80,
176.34.117.72,2020-07-02,07:07:23,80,
176.34.117.72,2020-06-06,21:34:47,80,
176.34.117.72,2020-06-02,15:33:50,80,
176.34.117.72,2020-05-20,12:33:05,80,
176.34.117.72,2020-05-18,02:59:15,80,
176.34.117.72,2020-04-28,12:08:07,80,
176.34.117.72,2020-04-21,19:37:30,80,
176.34.117.72,2020-04-11,01:15:59,80,
176.34.117.72,2020-04-07,04:52:57,80,
176.34.117.72,2020-03-19,04:45:16,80,
176.34.117.72,2020-03-11,23:01:39,80,
176.34.117.72,2020-03-10,23:00:37,80,
176.34.117.72,2020-03-08,05:58:48,80,
176.34.117.72,2020-02-24,19:28:51,80,
176.34.117.72,2020-02-24,19:15:04,80,
176.34.117.72,2020-02-18,20:22:20,80,
176.34.117.72,2020-02-16,04:48:46,80,
176.34.117.72,2020-02-09,18:06:12,80,
176.34.117.72,2020-02-07,07:37:57,80,
176.34.117.72,2020-01-23,17:33:27,80,
176.34.117.72,2020-01-23,04:30:15,80,
176.34.117.72,2020-01-18,14:03:54,80,
176.34.117.72,2020-01-16,15:08:40,80,
176.34.117.72,2020-01-11,18:07:59,80,
176.34.117.72,2020-01-10,19:06:21,80,
176.34.117.72,2020-01-09,16:32:41,80,
176.34.117.72,2020-01-04,04:48:59,80,
176.34.117.72,2019-12-31,21:37:29,80,
176.34.117.72,2019-12-28,14:13:06,80,
176.34.117.72,2019-12-27,12:54:14,80,
176.34.117.72,2019-12-20,02:42:44,80,
176.34.117.72,2019-12-15,05:10:38,80,
176.34.117.72,2019-12-10,15:40:39,80,
176.34.117.72,2019-12-10,06:54:40,80,
176.34.117.72,2019-12-09,08:08:37,80,
176.34.117.72,2019-12-06,03:37:04,80,
176.34.117.72,2019-12-03,19:45:54,80,
176.34.117.72,2019-11-28,12:02:01,80,
176.34.117.72,2019-11-14,08:06:43,80,
176.34.117.72,2019-11-10,08:24:09,80,
176.34.117.72,2019-11-08,19:35:07,80,
176.34.117.72,2019-10-30,21:31:48,80,
176.34.117.72,2019-10-11,20:52:26,80,
176.34.117.72,2019-10-10,08:40:41,80,
176.34.117.72,2019-09-23,08:07:41,80,
176.34.117.72,2019-09-21,08:51:37,80,
176.34.117.72,2019-09-18,02:55:31,80,
176.34.117.72,2019-09-17,02:22:55,80,
176.34.117.72,2019-09-17,00:11:26,80,
176.34.117.72,2019-09-11,01:10:30,80,
176.34.117.72,2019-08-31,05:30:52,80,
176.34.117.72,2019-08-23,01:44:39,80,
176.34.117.72,2019-08-21,20:23:45,80,
176.34.117.72,2019-08-20,23:51:21,80,
176.34.117.72,2019-08-17,11:31:37,80,
176.34.117.72,2019-08-16,18:29:51,80,
176.34.117.72,2019-08-15,20:07:59,80,
176.34.117.72,2019-08-13,21:23:22,80,
176.34.117.72,2019-08-10,18:56:34,80,
176.34.117.72,2019-08-08,10:28:54,80,
176.34.117.72,2019-08-08,02:09:14,80,
176.34.117.72,2019-08-07,02:46:07,80,
176.34.117.72,2019-08-02,18:28:23,80,
176.34.117.72,2019-07-17,22:15:31,80,
176.34.117.72,2019-07-17,11:43:57,80,
176.34.117.72,2019-07-12,09:17:36,80,
176.34.117.72,2019-07-07,19:56:10,80,
176.34.117.72,2019-07-05,05:54:16,80,
176.34.117.72,2019-06-30,01:08:55,80,
176.34.117.72,2019-06-27,09:38:58,80,
176.34.117.72,2019-06-23,10:12:45,80,
176.34.117.72,2019-06-18,06:56:14,80,
176.34.117.72,2019-06-17,06:18:30,80,
176.34.117.72,2019-06-16,16:41:51,80,
176.34.117.72,2019-06-15,12:50:01,80,
176.34.117.72,2019-06-08,06:01:07,80,
176.34.117.72,2019-06-02,14:41:37,80,
176.34.117.72,2019-06-01,23:48:03,80,
176.34.117.72,2019-05-28,13:23:33,80,
176.34.117.72,2019-05-27,10:47:14,80,
176.34.117.72,2019-05-26,07:03:32,80,
176.34.117.72,2019-05-23,09:02:21,80,
176.34.117.72,2019-05-23,01:17:39,80,
176.34.117.72,2019-05-23,00:21:24,80,
176.34.117.72,2019-05-21,00:20:35,80,
176.34.117.72,2019-05-19,19:59:21,80,
176.34.117.72,2019-05-13,20:30:16,80,
176.34.117.72,2019-04-13,21:13:11,80,
176.34.117.72,2019-04-13,06:10:28,80,
176.34.117.72,2019-04-10,16:28:17,22,
176.34.117.72,2019-04-09,08:40:06,22,
176.34.117.72,2019-04-06,22:16:36,22,
176.34.117.72,2019-04-04,17:41:33,80,
176.34.117.72,2019-04-01,23:58:01,22,
176.34.117.72,2019-04-01,02:19:29,80,
176.34.117.72,2019-03-30,14:04:22,80,
176.34.117.72,2019-03-30,10:58:16,80,
176.34.117.72,2019-03-27,23:19:26,80,
176.34.117.72,2019-03-23,21:20:20,80,
176.34.117.72,2019-03-20,23:39:25,80,
176.34.117.72,2019-03-16,19:30:56,80,
176.34.117.72,2019-03-11,19:41:40,80,
176.34.117.72,2019-03-11,07:11:08,22,
176.34.117.72,2019-03-09,18:32:15,80,
176.34.117.72,2019-03-08,20:46:23,22,
176.34.117.72,2019-03-07,22:15:05,80,
176.34.117.72,2019-03-07,03:59:42,80,
176.34.117.72,2019-03-02,14:32:42,80,
176.34.117.72,2019-02-27,16:43:08,22,
176.34.117.72,2019-02-22,07:31:09,80,
176.34.117.72,2019-02-21,23:59:51,80,
176.34.117.72,2019-02-20,03:08:23,80,
176.34.117.72,2019-02-16,08:44:13,22,
176.34.117.72,2019-02-13,14:48:35,80,
176.34.117.72,2019-02-10,03:21:30,80,
176.34.117.72,2019-02-03,15:44:36,80,
176.34.117.72,2019-02-03,14:16:56,22,
176.34.117.72,2019-02-01,03:02:25,22,
176.34.117.72,2019-01-31,07:47:20,80,
176.34.117.72,2019-01-31,00:45:12,80,
176.34.117.72,2019-01-28,18:45:33,80,
176.34.117.72,2019-01-28,07:10:54,22,
176.34.117.72,2019-01-24,13:14:22,80,
176.34.117.72,2019-01-23,16:17:35,80,
176.34.117.72,2019-01-23,06:52:55,80,
176.34.117.72,2019-01-21,15:54:20,80,
176.34.117.72,2019-01-18,12:33:26,22,
176.34.117.72,2019-01-17,07:19:09,80,
176.34.117.72,2019-01-11,18:53:48,22,
176.34.117.72,2019-01-06,21:37:40,80,
176.34.117.72,2019-01-05,21:24:26,80,
176.34.117.72,2019-01-02,14:19:56,80,
176.34.117.72,2018-12-31,05:17:26,22,
176.34.117.72,2018-12-28,02:58:24,22,
176.34.117.72,2018-12-25,18:40:48,22,
176.34.117.72,2018-12-25,14:27:39,80,
176.34.117.72,2018-12-24,20:58:30,80,
176.34.117.72,2018-12-22,00:42:49,80,
176.34.117.72,2018-12-21,15:42:19,80,
176.34.117.72,2018-12-20,17:48:40,80,
176.34.117.72,2018-12-18,17:53:38,22,
176.34.117.72,2018-12-12,21:32:39,80,
176.34.117.72,2018-12-11,14:46:54,22,
176.34.117.72,2018-12-11,06:01:39,22,
176.34.117.72,2018-12-09,12:46:11,80,
176.34.117.72,2018-12-09,04:12:05,80,
176.34.117.72,2018-12-07,07:07:10,80,
176.34.117.72,2018-11-30,01:27:16,80,
176.34.117.72,2018-11-29,04:11:49,80,
176.34.117.72,2018-11-26,23:12:28,80,
176.34.117.72,2018-11-26,08:35:55,22,
176.34.117.72,2018-11-21,11:29:12,80,
176.34.117.72,2018-11-11,17:56:41,80,
176.34.117.72,2018-11-11,10:21:57,80,
176.34.117.72,2018-11-05,21:35:09,80,
176.34.117.72,2018-11-02,23:33:22,80,
176.34.117.72,2018-11-01,02:08:15,22,
176.34.117.72,2018-10-31,13:17:31,80,
176.34.117.72,2018-10-25,17:49:03,80,
176.34.117.72,2018-10-20,16:10:20,22,
176.34.117.72,2018-10-16,04:32:41,80,
176.34.117.72,2018-10-14,19:56:03,22,
176.34.117.72,2018-10-14,05:10:39,80,
176.34.117.72,2018-10-14,04:13:43,22,
176.34.117.72,2018-10-12,15:41:15,80,
176.34.117.72,2018-10-07,13:35:20,80,
176.34.117.72,2018-10-07,11:54:11,22,
176.34.117.72,2018-10-05,12:23:30,22,
176.34.117.72,2018-10-01,20:22:19,22,
176.34.117.72,2018-09-28,00:01:15,80,
176.34.117.72,2018-09-27,05:09:24,22,
176.34.117.72,2018-09-23,23:11:28,80,
176.34.117.72,2018-09-22,11:02:54,80,
176.34.117.72,2018-09-19,03:29:31,80,
176.34.117.72,2018-09-17,21:52:54,80,
176.34.117.72,2018-09-11,08:06:06,80,
176.34.117.72,2018-09-11,06:53:46,80,
176.34.117.72,2018-09-11,01:34:53,80,
176.34.117.72,2018-09-10,09:47:13,80,
176.34.117.72,2018-09-08,15:46:12,80,
176.34.117.72,2018-09-04,03:37:09,80,
176.34.117.72,2018-08-31,03:39:32,22,
176.34.117.72,2018-08-30,21:20:34,80,
176.34.117.72,2018-08-24,14:48:03,22,
176.34.117.72,2018-08-23,16:10:53,22,
176.34.117.72,2018-08-12,00:35:52,80,
176.34.117.72,2018-08-11,04:23:23,22,
176.34.117.72,2018-08-09,00:23:09,22,
176.34.117.72,2018-08-07,10:32:55,80,
176.34.117.72,2018-07-31,05:29:26,80,
176.34.117.72,2018-07-31,04:05:44,22,
176.34.117.72,2018-07-29,17:23:22,80,
176.34.117.72,2018-07-23,14:29:14,80,
176.34.117.72,2018-07-15,19:43:49,22,
176.34.117.72,2018-07-11,07:52:29,80,
176.34.117.72,2018-07-10,19:34:11,80,
176.34.117.72,2018-07-08,12:55:07,80,
176.34.117.72,2018-07-08,02:27:41,80,
176.34.117.72,2018-07-07,22:13:47,80,
176.34.117.72,2018-07-07,08:38:04,80,
176.34.117.72,2018-07-06,23:19:34,80,
176.34.117.72,2018-07-04,21:56:07,22,
176.34.117.72,2018-07-04,14:14:57,80,
176.34.117.72,2018-06-18,15:30:11,80,
176.34.117.72,2018-06-17,20:17:22,80,
176.34.117.72,2018-06-13,13:32:12,80,
176.34.117.72,2018-06-11,10:32:07,80,
176.34.117.72,2018-06-09,23:56:03,80,
176.34.117.72,2018-06-08,09:24:32,80,
176.34.117.72,2018-06-07,20:21:11,80,
176.34.117.72,2018-06-04,07:24:35,80,
176.34.117.72,2018-06-03,03:26:31,80,
176.34.117.72,2018-06-03,01:01:03,111,
176.34.117.72,2018-06-02,19:33:06,111,
176.34.117.72,2018-06-02,15:39:11,80,
176.34.117.72,2018-05-31,04:20:14,80,
176.34.117.72,2018-05-30,08:04:23,111,
176.34.117.72,2018-05-24,01:48:11,111,
176.34.117.72,2018-05-23,13:07:43,80,
176.34.117.72,2018-05-19,20:16:43,22,
176.34.117.72,2018-05-19,03:11:39,80,
176.34.117.72,2018-05-18,23:40:24,80,
176.34.117.72,2018-05-18,15:40:47,80,
176.34.117.72,2018-05-17,09:12:55,22,
176.34.117.72,2018-05-15,19:43:17,80,
176.34.117.72,2018-05-14,01:29:02,22,
176.34.117.72,2018-05-08,03:21:05,80,
176.34.117.72,2018-05-07,16:45:50,80,
176.34.117.72,2018-05-06,21:57:03,111,
176.34.117.72,2018-04-27,23:17:03,22,
176.34.117.72,2018-04-26,05:49:09,111,
176.34.117.72,2018-04-23,02:54:51,22,
176.34.117.72,2018-04-22,08:17:33,111,
176.34.117.72,2018-04-20,17:15:20,22,
176.34.117.72,2018-04-20,11:22:41,80,
176.34.117.72,2018-04-19,15:32:26,111,
176.34.117.72,2018-04-16,05:35:09,80,
176.34.117.72,2018-04-13,18:21:21,22,
176.34.117.72,2018-04-13,09:59:22,22,
176.34.117.72,2018-04-12,12:17:06,80,
176.34.117.72,2018-04-08,09:53:02,80,
176.34.117.72,2018-04-04,02:13:48,80,
176.34.117.72,2018-04-03,11:50:56,80,
176.34.117.72,2018-04-01,11:38:39,111,
176.34.117.72,2018-03-29,12:21:52,80,
176.34.117.72,2018-03-25,15:56:37,111,
176.34.117.72,2018-03-25,06:41:40,22,
176.34.117.72,2018-03-24,02:51:41,111,
176.34.117.72,2018-03-23,01:53:58,22,
176.34.117.72,2018-03-23,01:25:51,80,
176.34.117.72,2018-03-23,00:29:21,22,
176.34.117.72,2018-03-16,11:32:25,80,
176.34.117.72,2018-03-15,15:22:59,22,
176.34.117.72,2018-03-15,05:28:26,80,
176.34.117.72,2018-03-15,05:16:09,80,
176.34.117.72,2018-03-12,18:28:08,22,
176.34.117.72,2018-03-11,03:00:16,22,
176.34.117.72,2018-03-09,06:41:07,80,
176.34.117.72,2018-03-07,02:49:09,80,
176.34.117.72,2018-03-06,12:10:10,80,
176.34.117.72,2018-03-04,20:27:10,80,
176.34.117.72,2018-03-04,13:09:33,22,
176.34.117.72,2018-03-03,05:03:07,80,
176.34.117.72,2018-03-01,17:30:03,22,
176.34.117.72,2018-03-01,03:08:01,22,
176.34.117.72,2018-02-21,10:24:37,22,
176.34.117.72,2018-02-20,02:20:14,22,
176.34.117.72,2018-02-18,22:37:18,22,
176.34.117.72,2018-02-07,23:37:06,80,
176.34.117.72,2018-02-07,19:11:23,80,
176.34.117.72,2018-02-07,00:47:54,80,
176.34.117.72,2018-02-05,23:24:10,80,
176.34.117.72,2018-02-03,03:13:08,22,
176.34.117.72,2018-02-02,12:47:40,80,
176.34.117.72,2018-02-01,03:20:17,22,
176.34.117.72,2018-01-30,07:34:28,22,
176.34.117.72,2018-01-16,22:33:42,80,
176.34.117.72,2018-01-16,05:07:59,80,
176.34.117.72,2018-01-15,22:09:05,80,
176.34.117.72,2018-01-15,01:43:36,22,
176.34.117.72,2018-01-13,03:11:19,80,
176.34.117.72,2018-01-12,13:52:16,80,
176.34.117.72,2018-01-12,13:03:24,80,
176.34.117.72,2018-01-11,18:29:09,80,
176.34.117.72,2018-01-11,16:54:05,80,
176.34.117.72,2018-01-11,11:18:09,80,
176.34.117.72,2018-01-09,07:04:48,80,
176.34.117.72,2018-01-09,01:38:19,80,
176.34.117.72,2018-01-08,23:25:12,80,
176.34.117.72,2018-01-06,03:33:24,80,
176.34.117.72,2018-01-05,12:21:46,80,
176.34.117.72,2018-01-05,04:55:49,80,
176.34.117.72,2018-01-05,03:12:14,80,
176.34.117.72,2018-01-04,09:25:53,80,
176.34.117.72,2017-12-28,15:48:10,22,
176.34.117.72,2017-12-23,18:40:19,80,
176.34.117.72,2017-12-19,02:33:26,22,
176.34.117.72,2017-12-17,15:25:45,80,
176.34.117.72,2017-12-17,08:40:30,80,
176.34.117.72,2017-12-13,16:13:38,22,
176.34.117.72,2017-12-13,02:58:13,80,
176.34.117.72,2017-11-20,07:41:18,80,
176.34.117.72,2017-11-19,10:44:26,22,
176.34.117.72,2017-11-18,05:14:41,22,
176.34.117.72,2017-11-14,02:56:15,80,
176.34.117.72,2017-11-14,00:34:31,22,
176.34.117.72,2017-11-13,12:22:17,80,
176.34.117.72,2017-11-10,10:48:05,80,
176.34.117.72,2017-11-09,11:48:06,80,
176.34.117.72,2017-11-06,13:59:17,22,
176.34.117.72,2017-11-03,01:56:40,80,
176.34.117.72,2017-11-01,19:29:16,80,
176.34.117.72,2017-10-31,09:57:16,80,
176.34.117.72,2017-10-31,04:06:18,80,
176.34.117.72,2017-10-31,01:18:17,80,
176.34.117.72,2017-10-29,19:41:07,80,
176.34.117.72,2017-10-27,06:53:08,80,
176.34.117.72,2017-10-03,17:44:38,80,
176.34.117.72,2017-09-29,08:13:13,22,
176.34.117.72,2017-09-13,08:42:25,22,
176.34.117.72,2017-09-12,07:40:20,22,
176.34.117.72,2017-09-04,20:49:16,80,
176.34.117.72,2017-08-31,07:42:09,80,
176.34.117.72,2017-08-30,20:45:16,80,
176.34.117.72,2017-08-29,19:13:40,80,
176.34.117.72,2017-08-28,22:56:18,80,
176.34.117.72,2017-08-28,21:44:11,22,
176.34.117.72,2017-08-20,04:28:39,80,
176.34.117.72,2017-08-15,06:20:00,80,
176.34.117.72,2017-08-15,00:06:40,80,
176.34.117.72,2017-08-12,17:25:36,22,
176.34.117.72,2017-08-10,15:48:57,80,
176.34.117.72,2017-08-06,07:34:41,80,
176.34.117.72,2017-07-26,13:26:01,22,
176.34.117.72,2017-07-19,22:02:14,22,
176.34.117.72,2017-07-10,11:14:53,22,
176.34.117.72,2017-07-07,20:55:46,80,
176.34.117.72,2017-07-07,07:15:41,22,
176.34.117.72,2017-06-26,20:47:26,22,
176.34.117.72,2017-06-26,12:52:23,22,
176.34.117.72,2017-06-25,14:06:56,80,
176.34.117.72,2017-06-18,22:08:19,22,
176.34.117.72,2017-06-18,22:24:11,22,
176.34.117.72,2017-06-06,09:27:02,22,
176.34.117.72,2017-06-05,14:58:20,80,
176.34.117.72,2017-06-03,00:10:11,80,
176.34.117.72,2017-06-02,04:17:09,80,
176.34.117.72,2017-05-29,05:11:50,80,
176.34.117.72,2017-05-25,16:31:46,22,
176.34.117.72,2017-05-24,11:29:50,80,
176.34.117.72,2017-05-23,13:43:35,80,
176.34.117.72,2017-05-22,19:29:00,22,
176.34.117.72,2017-05-22,04:30:44,80,
176.34.117.72,2017-05-22,01:39:44,80,
176.34.117.72,2017-05-22,00:30:16,80,
176.34.117.72,2017-05-19,18:38:14,80,
176.34.117.72,2017-05-18,01:31:24,80,
176.34.117.72,2017-05-17,00:26:15,80,
176.34.117.72,2017-05-10,18:15:40,80,
176.34.117.72,2017-05-07,23:51:52,80,
176.34.117.72,2017-04-28,22:10:50,22,
176.34.117.72,2017-04-28,09:41:02,80,
176.34.117.72,2017-04-28,07:24:13,22,
176.34.117.72,2017-04-26,12:48:18,22,
176.34.117.72,2017-04-18,02:50:59,22,
176.34.117.72,2017-04-03,22:08:33,80,
176.34.117.72,2017-03-30,21:57:13,22,
176.34.117.72,2017-03-30,13:29:12,22,
176.34.117.72,2017-03-29,10:06:18,80,
176.34.117.72,2017-03-28,22:29:17,22,
176.34.117.72,2017-03-27,15:49:48,22,
176.34.117.72,2017-03-14,17:05:58,80,
176.34.117.72,2017-03-13,12:15:12,80,
176.34.117.72,2017-03-11,19:13:56,22,
176.34.117.72,2017-03-01,10:40:52,22,
176.34.117.72,2017-02-21,12:24:51,22,
176.34.117.72,2017-02-14,03:39:06,80,
176.34.117.72,2017-02-08,00:53:04,22,
176.34.117.72,2017-01-31,06:50:19,80,
176.34.117.72,2017-01-27,23:16:34,80,
176.34.117.72,2017-01-27,12:29:53,80,
176.34.117.72,2017-01-25,23:22:38,80,
176.34.117.72,2017-01-25,05:59:16,22,
176.34.117.72,2017-01-22,05:31:22,22,
176.34.117.72,2017-01-21,15:50:00,80,
176.34.117.72,2017-01-21,12:08:45,80,
176.34.117.72,2017-01-15,00:53:59,80,
176.34.117.72,2017-01-10,05:41:34,80,
176.34.117.72,2017-01-10,00:05:55,22,
176.34.117.72,2017-01-09,21:21:21,22,
176.34.117.72,2017-01-07,06:23:15,80,
176.34.117.72,2017-01-03,02:38:54,80,
176.34.117.72,2016-12-18,23:14:06,80,
176.34.117.72,2016-12-18,21:42:21,22,
176.34.117.72,2016-12-02,19:46:15,22,
176.34.117.72,2016-12-01,00:09:50,80,
176.34.117.72,2016-11-08,03:54:27,22,
176.34.117.72,2016-11-04,18:59:02,22,
176.34.117.72,2016-11-04,18:58:55,22,
176.34.117.72,2016-11-03,23:55:39,80,
176.34.117.72,2016-11-02,23:59:57,22,
176.34.117.72,2016-10-26,23:02:21,80,
176.34.117.72,2016-10-23,09:24:39,80,
104.26.2.33,2021-11-29,21:20:55,2086,
104.26.2.33,2021-11-29,13:38:59,2087,
104.26.2.33,2021-11-26,21:22:52,80,
104.26.2.33,2021-11-26,07:15:48,8443,
104.26.2.33,2021-11-24,01:59:12,2087,
104.26.2.33,2021-11-22,22:07:58,8080,
104.26.2.33,2021-11-22,17:36:11,443,
104.26.2.33,2021-11-22,03:15:08,8080,
104.26.2.33,2021-11-19,15:32:57,2053,
104.26.2.33,2021-11-19,06:48:49,8880,
104.26.2.33,2021-11-18,14:54:50,80,
104.26.2.33,2021-11-18,12:18:00,443,
104.26.2.33,2021-11-18,02:00:33,443,
104.26.2.33,2021-11-17,10:12:56,80,
104.26.2.33,2021-11-17,09:11:53,443,
104.26.2.33,2021-11-16,06:40:36,2087,
104.26.2.33,2021-11-16,06:30:05,2082,
104.26.2.33,2021-11-15,23:41:39,8443,
104.26.2.33,2021-11-14,07:53:33,2086,
104.26.2.33,2021-11-13,02:13:20,80,
104.26.2.33,2021-11-12,13:15:53,443,
104.26.2.33,2021-11-10,16:31:36,80,
104.26.2.33,2021-11-08,16:42:47,2087,
104.26.2.33,2021-11-08,12:30:31,443,
104.26.2.33,2021-11-08,04:51:06,443,
104.26.2.33,2021-11-08,02:22:30,443,
104.26.2.33,2021-11-07,20:27:29,80,
104.26.2.33,2021-11-07,20:17:43,80,
104.26.2.33,2021-11-07,16:48:16,80,['CVE-2016-3142'. 'CVE-2018-10548'. 'CVE-2016-3141'. 'CVE-2018-10545'. 'CVE-2018-10547'. 'CVE-2018-10546'. 'CVE-2019-9641'. 'CVE-2015-4116'. 'CVE-2015-6834'. 'CVE-2016-10712'. 'CVE-2018-10549'. 'CVE-2015-3411'. 'CVE-2014-9767'. 'CVE-2018-19395'. 'CVE-2015-3412'. 'CVE-2014-3669'. 'CVE-2014-3668'. 'CVE-2018-19935'. 'CVE-2019-9023'. 'CVE-2016-4538'. 'CVE-2016-4539'. 'CVE-2018-17082'. 'CVE-2015-4599'. 'CVE-2015-4598'. 'CVE-2019-9639'. 'CVE-2019-9638'. 'CVE-2019-9637'. 'CVE-2018-19520'. 'CVE-2018-14883'. 'CVE-2018-19396'. 'CVE-2015-4600'. 'CVE-2015-4603'. 'CVE-2015-4602'. 'CVE-2015-4605'. 'CVE-2015-4604'. 'CVE-2019-6977'. 'CVE-2015-4644'. 'CVE-2018-20783'. 'CVE-2015-4642'. 'CVE-2016-4073'. 'CVE-2016-4537'. 'CVE-2016-4342'. 'CVE-2016-7568'. 'CVE-2015-7804'. 'CVE-2014-8142'. 'CVE-2014-9425'. 'CVE-2016-4542'. 'CVE-2016-4541'. 'CVE-2016-4540'. 'CVE-2018-19518'. 'CVE-2014-3670'. 'CVE-2016-4544'. 'CVE-2016-4543'. 'CVE-2019-9020'. 'CVE-2019-9021'. 'CVE-2017-16642'. 'CVE-2019-9024'. 'CVE-2018-15132']
104.26.2.33,2021-11-07,04:35:36,2087,
104.26.2.33,2021-11-07,02:33:45,443,
104.26.2.33,2021-11-07,00:04:59,80,
104.26.2.33,2021-11-06,16:59:41,443,
104.26.2.33,2021-11-06,04:34:41,80,['CVE-2016-3142'. 'CVE-2018-10548'. 'CVE-2016-3141'. 'CVE-2018-10545'. 'CVE-2018-10547'. 'CVE-2018-10546'. 'CVE-2019-9641'. 'CVE-2015-4116'. 'CVE-2015-6834'. 'CVE-2016-10712'. 'CVE-2018-10549'. 'CVE-2015-3411'. 'CVE-2014-9767'. 'CVE-2018-19395'. 'CVE-2015-3412'. 'CVE-2014-3669'. 'CVE-2014-3668'. 'CVE-2018-19935'. 'CVE-2019-9023'. 'CVE-2016-4538'. 'CVE-2016-4539'. 'CVE-2018-17082'. 'CVE-2015-4599'. 'CVE-2015-4598'. 'CVE-2019-9639'. 'CVE-2019-9638'. 'CVE-2019-9637'. 'CVE-2018-19520'. 'CVE-2018-14883'. 'CVE-2018-19396'. 'CVE-2015-4600'. 'CVE-2015-4603'. 'CVE-2015-4602'. 'CVE-2015-4605'. 'CVE-2015-4604'. 'CVE-2019-6977'. 'CVE-2015-4644'. 'CVE-2018-20783'. 'CVE-2015-4642'. 'CVE-2016-4073'. 'CVE-2016-4537'. 'CVE-2016-4342'. 'CVE-2016-7568'. 'CVE-2015-7804'. 'CVE-2014-8142'. 'CVE-2014-9425'. 'CVE-2016-4542'. 'CVE-2016-4541'. 'CVE-2016-4540'. 'CVE-2018-19518'. 'CVE-2014-3670'. 'CVE-2016-4544'. 'CVE-2016-4543'. 'CVE-2019-9020'. 'CVE-2019-9021'. 'CVE-2017-16642'. 'CVE-2019-9024'. 'CVE-2018-15132']
104.26.2.33,2021-11-06,03:56:10,80,
104.26.2.33,2021-11-06,01:25:54,80,
104.26.2.33,2021-11-05,16:59:55,80,
104.26.2.33,2021-11-05,15:09:00,80,
104.26.2.33,2021-11-05,14:35:42,443,
104.26.2.33,2021-11-05,04:09:31,443,
104.26.2.33,2021-11-05,02:39:30,80,
104.26.2.33,2021-11-05,02:37:27,80,
104.26.2.33,2021-11-04,23:19:15,80,
104.26.2.33,2021-11-04,21:51:05,80,
104.26.2.33,2021-11-04,16:48:32,443,
104.26.2.33,2021-11-04,12:29:30,80,
104.26.2.33,2021-11-04,11:57:11,443,
104.26.2.33,2021-11-04,11:29:46,80,
104.26.2.33,2021-11-04,05:32:47,80,
104.26.2.33,2021-11-03,23:55:47,80,
104.26.2.33,2021-11-03,12:34:54,443,
104.26.2.33,2021-11-03,01:20:27,2083,
104.26.2.33,2021-11-02,18:43:08,443,
104.26.2.33,2021-11-02,10:59:39,80,
104.26.2.33,2021-11-01,03:23:53,8443,
104.26.2.33,2021-10-31,23:07:06,2087,
104.26.2.33,2021-10-31,09:54:26,8880,
104.26.2.33,2021-10-30,23:22:50,8443,
104.26.2.33,2021-10-30,20:29:17,80,
104.26.2.33,2021-10-30,06:34:24,2096,
104.26.2.33,2021-10-29,21:20:15,2087,
104.26.2.33,2021-10-29,12:32:39,443,
104.26.2.33,2021-10-29,08:42:06,8443,
104.26.2.33,2021-10-28,06:36:59,443,
104.26.2.33,2021-10-26,00:22:58,80,
104.26.2.33,2021-10-24,22:42:31,2087,
104.26.2.33,2021-10-24,17:36:15,8880,
104.26.2.33,2021-10-24,14:10:04,443,
104.26.2.33,2021-10-24,00:44:38,2083,
104.26.2.33,2021-10-24,00:22:06,2087,
104.26.2.33,2021-10-23,09:26:37,2087,
104.26.2.33,2021-10-23,05:25:19,8080,
104.26.2.33,2021-10-23,01:12:30,8080,
104.26.2.33,2021-10-22,20:44:25,2083,
104.26.2.33,2021-10-22,12:24:14,2087,
104.26.2.33,2021-10-21,16:27:37,2083,
104.26.2.33,2021-10-20,13:42:05,8880,
104.26.2.33,2021-10-20,12:37:07,80,
104.26.2.33,2021-10-20,01:06:02,443,
104.26.2.33,2021-10-18,10:26:15,8080,
104.26.2.33,2021-10-17,22:01:14,8080,
104.26.2.33,2021-10-17,07:41:33,2087,
104.26.2.33,2021-10-15,19:22:01,2086,
104.26.2.33,2021-10-15,18:46:30,2086,
104.26.2.33,2021-10-15,17:45:33,80,
104.26.2.33,2021-10-13,18:23:31,80,
104.26.2.33,2021-10-13,10:25:26,2083,
104.26.2.33,2021-10-13,01:11:22,443,
104.26.2.33,2021-10-12,10:36:32,8443,
104.26.2.33,2021-10-09,15:06:23,443,
104.26.2.33,2021-10-08,17:55:16,443,
104.26.2.33,2021-10-08,13:48:41,443,
104.26.2.33,2021-10-08,09:47:18,443,
104.26.2.33,2021-10-08,08:34:23,443,
104.26.2.33,2021-10-07,20:20:39,443,
104.26.2.33,2021-10-07,18:36:00,8443,
104.26.2.33,2021-10-07,18:32:08,8443,
104.26.2.33,2021-10-07,04:08:05,80,
104.26.2.33,2021-10-05,01:55:41,443,
104.26.2.33,2021-10-04,16:44:05,2082,
104.26.2.33,2021-10-03,23:13:05,2087,
104.26.2.33,2021-10-03,17:39:34,443,
104.26.2.33,2021-10-03,12:40:08,443,
104.26.2.33,2021-10-03,01:47:01,443,
104.26.2.33,2021-10-01,19:18:19,8080,
104.26.2.33,2021-10-01,18:18:25,80,
104.26.2.33,2021-10-01,16:20:17,80,
104.26.2.33,2021-09-30,17:12:25,443,
104.26.2.33,2021-09-30,05:18:45,80,
104.26.2.33,2021-09-30,01:20:26,443,
104.26.2.33,2021-09-29,00:57:15,8880,
104.26.2.33,2021-09-28,12:28:48,443,
104.26.2.33,2021-09-27,05:12:28,2083,
104.26.2.33,2021-09-25,22:27:21,8080,
104.26.2.33,2021-09-24,23:34:30,443,
104.26.2.33,2021-09-24,18:14:53,2083,
104.26.2.33,2021-09-24,14:44:17,8080,
104.26.2.33,2021-09-24,01:56:54,443,
104.26.2.33,2021-09-23,14:42:28,443,
104.26.2.33,2021-09-23,14:25:29,443,
104.26.2.33,2021-09-23,06:53:31,443,
104.26.2.33,2021-09-23,02:55:27,8443,
104.26.2.33,2021-09-19,10:20:32,80,
104.26.2.33,2021-09-19,05:43:58,2087,
104.26.2.33,2021-09-19,04:58:33,8443,
104.26.2.33,2021-09-18,13:02:18,443,
104.26.2.33,2021-09-16,08:22:16,80,
104.26.2.33,2021-09-15,17:02:35,2087,
104.26.2.33,2021-09-15,00:23:24,443,
104.26.2.33,2021-09-14,14:12:16,443,
104.26.2.33,2021-09-13,14:42:54,443,
104.26.2.33,2021-09-12,14:26:34,443,
104.26.2.33,2021-09-12,12:34:13,2087,
104.26.2.33,2021-09-11,06:22:19,2086,
104.26.2.33,2021-09-10,21:04:10,443,
104.26.2.33,2021-09-10,18:49:44,443,
104.26.2.33,2021-09-10,17:45:30,443,
104.26.2.33,2021-09-10,13:20:56,443,
104.26.2.33,2021-09-10,12:01:23,443,
104.26.2.33,2021-09-10,04:46:45,443,
104.26.2.33,2021-09-10,03:58:45,443,
104.26.2.33,2021-09-10,01:39:35,443,
104.26.2.33,2021-09-09,23:55:43,443,
104.26.2.33,2021-09-09,23:30:46,443,
104.26.2.33,2021-09-09,16:27:20,443,
104.26.2.33,2021-09-09,11:43:03,443,
104.26.2.33,2021-09-09,05:16:50,443,
104.26.2.33,2021-09-09,05:09:32,443,
104.26.2.33,2021-09-09,05:00:14,80,
104.26.2.33,2021-09-09,01:28:00,80,
104.26.2.33,2021-09-09,00:50:59,443,
104.26.2.33,2021-09-08,15:53:04,443,
104.26.2.33,2021-09-08,15:53:37,80,
104.26.2.33,2021-09-08,14:27:32,443,
104.26.2.33,2021-09-08,09:02:45,8080,
104.26.2.33,2021-09-08,08:56:32,2087,
104.26.2.33,2021-09-08,08:59:35,2083,
104.26.2.33,2021-09-08,08:56:01,8443,
104.26.2.33,2021-09-08,08:56:26,2087,
104.26.2.33,2021-09-08,08:54:31,2082,
104.26.2.33,2021-09-08,05:38:57,443,
104.26.2.33,2021-09-08,03:28:37,443,
104.26.2.33,2021-09-08,02:19:44,443,
104.26.2.33,2021-09-07,19:22:29,443,
104.26.2.33,2021-09-07,18:34:39,2082,
104.26.2.33,2021-09-07,17:26:17,8080,
104.26.2.33,2021-09-07,17:26:08,8880,
104.26.2.33,2021-09-07,17:04:49,2083,
104.26.2.33,2021-09-07,17:04:25,80,
104.26.2.33,2021-09-07,16:57:40,2087,
104.26.2.33,2021-09-07,09:00:20,2086,
104.26.2.33,2021-09-07,09:02:52,2087,
104.26.2.33,2021-09-07,09:01:00,2087,
104.26.2.33,2021-09-07,08:58:13,8443,
104.26.2.33,2021-09-07,09:05:32,443,
104.26.2.33,2021-09-07,08:57:46,8880,
104.26.2.33,2021-09-07,08:57:36,8080,
104.26.2.33,2021-09-07,08:39:23,2083,
104.26.2.33,2021-09-07,05:51:22,80,['CVE-2016-3142'. 'CVE-2018-10548'. 'CVE-2016-3141'. 'CVE-2018-10545'. 'CVE-2018-10547'. 'CVE-2018-10546'. 'CVE-2019-9641'. 'CVE-2015-4116'. 'CVE-2015-6834'. 'CVE-2016-10712'. 'CVE-2018-10549'. 'CVE-2015-3411'. 'CVE-2014-9767'. 'CVE-2018-19395'. 'CVE-2015-3412'. 'CVE-2014-3669'. 'CVE-2014-3668'. 'CVE-2018-19935'. 'CVE-2019-9023'. 'CVE-2016-4538'. 'CVE-2016-4539'. 'CVE-2018-17082'. 'CVE-2015-4599'. 'CVE-2015-4598'. 'CVE-2019-9639'. 'CVE-2019-9638'. 'CVE-2019-9637'. 'CVE-2018-19520'. 'CVE-2018-14883'. 'CVE-2018-19396'. 'CVE-2015-4600'. 'CVE-2015-4603'. 'CVE-2015-4602'. 'CVE-2015-4605'. 'CVE-2015-4604'. 'CVE-2019-6977'. 'CVE-2015-4644'. 'CVE-2018-20783'. 'CVE-2015-4642'. 'CVE-2016-4073'. 'CVE-2016-4537'. 'CVE-2016-4342'. 'CVE-2016-7568'. 'CVE-2015-7804'. 'CVE-2014-8142'. 'CVE-2014-9425'. 'CVE-2016-4542'. 'CVE-2016-4541'. 'CVE-2016-4540'. 'CVE-2018-19518'. 'CVE-2014-3670'. 'CVE-2016-4544'. 'CVE-2016-4543'. 'CVE-2019-9020'. 'CVE-2019-9021'. 'CVE-2017-16642'. 'CVE-2019-9024'. 'CVE-2018-15132']
104.26.2.33,2021-09-07,05:40:34,80,
104.26.2.33,2021-09-07,05:27:34,80,
104.26.2.33,2021-09-07,04:30:59,80,
104.26.2.33,2021-09-07,03:58:30,443,
104.26.2.33,2021-09-07,02:35:40,443,
104.26.2.33,2021-09-06,17:09:14,443,
104.26.2.33,2021-09-06,14:56:47,8080,
104.26.2.33,2021-09-06,14:50:51,2083,
104.26.2.33,2021-09-06,14:53:51,8443,
104.26.2.33,2021-09-06,14:46:33,8880,
104.26.2.33,2021-09-06,14:43:30,2086,
104.26.2.33,2021-09-06,14:40:16,2087,
104.26.2.33,2021-09-06,11:33:38,80,
104.26.2.33,2021-09-06,07:50:00,8443,
104.26.2.33,2021-09-06,07:46:56,2086,
104.26.2.33,2021-09-06,06:19:20,2082,
104.26.2.33,2021-09-06,05:56:51,2083,
104.26.2.33,2021-09-06,05:55:08,80,
104.26.2.33,2021-09-06,05:11:56,8080,
104.26.2.33,2021-09-06,04:44:32,8880,
104.26.2.33,2021-09-06,04:40:16,443,
104.26.2.33,2021-09-06,02:15:13,8080,
104.26.2.33,2021-09-06,02:10:36,443,
104.26.2.33,2021-09-06,02:11:54,8443,
104.26.2.33,2021-09-06,02:10:10,2087,
104.26.2.33,2021-09-06,02:10:00,2087,
104.26.2.33,2021-09-06,02:07:10,443,
104.26.2.33,2021-09-06,02:06:20,8880,
104.26.2.33,2021-09-06,02:05:24,2083,
104.26.2.33,2021-09-05,23:14:41,80,
104.26.2.33,2021-09-05,22:23:26,2082,
104.26.2.33,2021-09-05,22:24:01,8080,
104.26.2.33,2021-09-05,22:22:53,2087,
104.26.2.33,2021-09-05,22:25:33,2086,
104.26.2.33,2021-09-05,22:24:53,8443,
104.26.2.33,2021-09-05,22:24:41,443,
104.26.2.33,2021-09-05,22:24:01,2083,
104.26.2.33,2021-09-05,22:22:41,80,
104.26.2.33,2021-09-05,22:22:37,8880,
104.26.2.33,2021-09-05,19:20:13,80,
104.26.2.33,2021-09-05,17:57:28,2083,
104.26.2.33,2021-09-05,17:36:17,8880,
104.26.2.33,2021-09-05,17:28:35,8080,
104.26.2.33,2021-09-05,17:11:55,2082,
104.26.2.33,2021-09-05,17:02:50,443,
104.26.2.33,2021-09-05,16:58:25,2087,
104.26.2.33,2021-09-05,16:47:16,2087,
104.26.2.33,2021-09-05,16:42:15,80,
104.26.2.33,2021-09-05,16:33:52,2086,
104.26.2.33,2021-09-05,16:27:14,80,
104.26.2.33,2021-09-05,16:11:30,8443,
104.26.2.33,2021-09-05,13:43:07,2083,
104.26.2.33,2021-09-05,09:26:27,443,
104.26.2.33,2021-09-05,04:07:32,8880,
104.26.2.33,2021-09-05,04:06:25,8080,
104.26.2.33,2021-09-05,03:40:52,8443,
104.26.2.33,2021-09-05,03:37:03,8880,
104.26.2.33,2021-09-05,03:22:12,2087,
104.26.2.33,2021-09-05,03:19:11,2086,
104.26.2.33,2021-09-05,03:11:25,443,
104.26.2.33,2021-09-05,03:08:37,2083,
104.26.2.33,2021-09-05,03:08:28,80,
104.26.2.33,2021-09-05,02:51:52,80,
104.26.2.33,2021-09-04,22:38:28,80,
104.26.2.33,2021-09-04,20:45:48,80,
104.26.2.33,2021-09-04,20:32:45,443,
104.26.2.33,2021-09-04,14:11:59,443,
104.26.2.33,2021-09-04,13:38:57,443,
104.26.2.33,2021-09-04,11:35:48,443,
104.26.2.33,2021-09-04,10:25:00,443,
104.26.2.33,2021-09-04,09:24:46,443,
104.26.2.33,2021-09-04,04:26:47,8880,
104.26.2.33,2021-09-04,03:44:56,2082,
104.26.2.33,2021-09-04,03:35:37,443,
104.26.2.33,2021-09-04,02:04:29,443,
104.26.2.33,2021-09-04,01:59:05,8080,
104.26.2.33,2021-09-04,01:57:41,2083,
104.26.2.33,2021-09-04,02:03:34,2082,
104.26.2.33,2021-09-04,01:54:42,8880,
104.26.2.33,2021-09-03,23:51:55,2087,
104.26.2.33,2021-09-03,23:54:14,443,
104.26.2.33,2021-09-03,23:52:04,2083,
104.26.2.33,2021-09-03,23:51:27,80,
104.26.2.33,2021-09-03,23:49:02,2082,
104.26.2.33,2021-09-03,23:51:03,8443,
104.26.2.33,2021-09-03,23:48:55,8880,
104.26.2.33,2021-09-03,23:48:43,8080,
104.26.2.33,2021-09-03,23:47:52,2086,
104.26.2.33,2021-09-03,12:46:25,2087,
104.26.2.33,2021-09-03,07:36:27,80,
104.26.2.33,2021-09-03,03:45:54,8080,
104.26.2.33,2021-09-03,03:41:23,2087,
104.26.2.33,2021-09-03,03:41:08,80,
104.26.2.33,2021-09-03,03:40:25,8880,
104.26.2.33,2021-09-03,02:34:27,2087,
104.26.2.33,2021-09-03,02:27:45,80,
104.26.2.33,2021-09-03,02:35:33,8080,
104.26.2.33,2021-09-03,02:28:24,2087,
104.26.2.33,2021-09-03,02:32:25,443,
104.26.2.33,2021-09-03,02:30:45,8880,
104.26.2.33,2021-09-03,02:27:00,2086,
104.26.2.33,2021-09-03,02:24:08,2083,
104.26.2.33,2021-09-03,02:23:08,8443,
104.26.2.33,2021-09-03,02:21:43,2082,
104.26.2.33,2021-09-03,01:08:48,80,
104.26.2.33,2021-09-03,00:04:27,80,
104.26.2.33,2021-09-02,15:28:20,8080,
104.26.2.33,2021-09-02,15:27:52,2087,
104.26.2.33,2021-09-02,15:18:43,8880,
104.26.2.33,2021-09-02,15:18:28,443,
104.26.2.33,2021-09-02,15:17:52,8443,
104.26.2.33,2021-09-02,15:15:19,2087,
104.26.2.33,2021-09-02,15:13:50,80,
104.26.2.33,2021-09-02,15:09:00,2086,
104.26.2.33,2021-09-02,15:06:14,2082,
104.26.2.33,2021-09-02,15:03:11,2083,
104.26.2.33,2021-09-02,11:29:09,443,
104.26.2.33,2021-09-02,06:02:49,2087,
104.26.2.33,2021-09-02,05:06:57,2083,
104.26.2.33,2021-09-02,04:09:57,80,
104.26.2.33,2021-09-01,02:04:39,2082,
104.26.2.33,2021-09-01,02:04:24,2086,
104.26.2.33,2021-09-01,01:59:25,2083,
104.26.2.33,2021-09-01,01:57:57,2087,
104.26.2.33,2021-09-01,01:53:25,443,
104.26.2.33,2021-09-01,01:47:31,8880,
104.26.2.33,2021-09-01,01:45:57,80,
104.26.2.33,2021-08-31,23:09:56,2052,
104.26.2.33,2021-08-31,02:50:55,443,
104.26.2.33,2021-08-31,02:47:51,2087,
104.26.2.33,2021-08-31,02:42:31,2087,
104.26.2.33,2021-08-31,02:41:16,2082,
104.26.2.33,2021-08-31,02:35:48,8080,
104.26.2.33,2021-08-31,02:34:55,80,
104.26.2.33,2021-08-31,02:34:40,2083,
104.26.2.33,2021-08-31,02:30:05,443,
104.26.2.33,2021-08-31,02:30:10,2086,
104.26.2.33,2021-08-31,02:15:30,8880,
104.26.2.33,2021-08-30,23:03:56,2086,
104.26.2.33,2021-08-30,20:35:48,2086,
104.26.2.33,2021-08-30,20:11:45,8880,
104.26.2.33,2021-08-30,20:04:05,80,
104.26.2.33,2021-08-30,20:03:15,443,
104.26.2.33,2021-08-30,20:00:20,2087,
104.26.2.33,2021-08-30,19:57:49,2082,
104.26.2.33,2021-08-30,19:54:47,2083,
104.26.2.33,2021-08-30,19:54:14,8443,
104.26.2.33,2021-08-30,19:52:04,2087,
104.26.2.33,2021-08-30,12:37:16,443,
104.26.2.33,2021-08-30,10:37:38,2083,
104.26.2.33,2021-08-30,10:34:09,8880,
104.26.2.33,2021-08-30,10:33:42,443,
104.26.2.33,2021-08-30,10:33:27,2087,
104.26.2.33,2021-08-30,10:32:45,2087,
104.26.2.33,2021-08-30,07:53:07,443,
104.26.2.33,2021-08-30,05:36:20,2053,
104.26.2.33,2021-08-30,04:34:38,8080,
104.26.2.33,2021-08-30,04:28:03,2082,
104.26.2.33,2021-08-30,04:05:18,2086,
104.26.2.33,2021-08-30,03:45:01,8880,
104.26.2.33,2021-08-30,03:32:33,80,
104.26.2.33,2021-08-30,03:25:49,2087,
104.26.2.33,2021-08-30,03:23:43,2087,
104.26.2.33,2021-08-29,14:11:06,2083,
104.26.2.33,2021-08-29,12:34:28,443,
104.26.2.33,2021-08-29,04:23:34,2082,
104.26.2.33,2021-08-29,03:50:45,2087,
104.26.2.33,2021-08-29,03:45:48,80,
104.26.2.33,2021-08-29,03:23:49,2087,
104.26.2.33,2021-08-29,03:21:50,2087,
104.26.2.33,2021-08-29,03:20:05,2082,
104.26.2.33,2021-08-29,03:20:22,8880,
104.26.2.33,2021-08-29,03:25:08,443,
104.26.2.33,2021-08-29,03:23:32,8080,
104.26.2.33,2021-08-29,03:18:08,2083,
104.26.2.33,2021-08-29,03:18:07,80,
104.26.2.33,2021-08-29,03:19:48,2086,
104.26.2.33,2021-08-29,03:18:28,8443,
104.26.2.33,2021-08-29,03:02:07,8880,
104.26.2.33,2021-08-29,02:38:18,2087,
104.26.2.33,2021-08-28,18:09:07,80,
104.26.2.33,2021-08-28,17:45:19,443,
104.26.2.33,2021-08-27,11:06:29,80,
104.26.2.33,2021-08-27,05:15:28,80,
104.26.2.33,2021-08-27,02:18:19,80,
104.26.2.33,2021-08-27,02:18:04,2086,
104.26.2.33,2021-08-27,02:16:30,8443,
104.26.2.33,2021-08-27,02:13:03,2087,
104.26.2.33,2021-08-27,02:15:07,8880,
104.26.2.33,2021-08-27,02:15:27,443,
104.26.2.33,2021-08-27,02:14:46,2087,
104.26.2.33,2021-08-27,02:12:01,2083,
104.26.2.33,2021-08-27,02:09:08,2082,
104.26.2.33,2021-08-26,23:44:25,2082,
104.26.2.33,2021-08-26,15:12:49,8880,
104.26.2.33,2021-08-26,15:10:55,2087,
104.26.2.33,2021-08-26,15:06:52,80,
104.26.2.33,2021-08-26,15:05:47,443,
104.26.2.33,2021-08-26,15:04:17,2086,
104.26.2.33,2021-08-26,15:03:14,2083,
104.26.2.33,2021-08-26,13:06:26,80,
104.26.2.33,2021-08-26,04:11:26,2082,
104.26.2.33,2021-08-26,02:57:59,8880,
104.26.2.33,2021-08-26,02:58:20,2087,
104.26.2.33,2021-08-26,03:03:33,8443,
104.26.2.33,2021-08-26,03:03:01,443,
104.26.2.33,2021-08-26,03:00:02,2087,
104.26.2.33,2021-08-26,02:57:41,2083,
104.26.2.33,2021-08-26,03:02:54,2082,
104.26.2.33,2021-08-26,02:59:18,2086,
104.26.2.33,2021-08-26,02:56:52,8080,
104.26.2.33,2021-08-26,02:54:44,443,
104.26.2.33,2021-08-26,02:01:27,2083,
104.26.2.33,2021-08-26,02:01:42,2087,
104.26.2.33,2021-08-26,02:05:35,8443,
104.26.2.33,2021-08-26,02:10:36,8080,
104.26.2.33,2021-08-26,02:09:53,8880,
104.26.2.33,2021-08-26,02:07:30,443,
104.26.2.33,2021-08-26,02:09:17,2086,
104.26.2.33,2021-08-26,02:10:26,80,
104.26.2.33,2021-08-26,02:07:23,2082,
104.26.2.33,2021-08-26,02:07:02,2087,
104.26.2.33,2021-08-25,18:31:36,2087,
104.26.2.33,2021-08-25,15:13:04,2087,
104.26.2.33,2021-08-25,15:12:43,80,
104.26.2.33,2021-08-25,15:12:44,2087,
104.26.2.33,2021-08-25,15:14:52,8443,
104.26.2.33,2021-08-25,15:12:11,443,
104.26.2.33,2021-08-25,15:13:48,2082,
104.26.2.33,2021-08-25,15:10:38,8880,
104.26.2.33,2021-08-25,15:09:24,2083,
104.26.2.33,2021-08-25,15:08:44,8080,
104.26.2.33,2021-08-25,14:36:47,2086,
104.26.2.33,2021-08-25,12:53:54,443,
104.26.2.33,2021-08-24,14:38:24,2086,
104.26.2.33,2021-08-24,07:14:44,443,
104.26.2.33,2021-08-23,13:03:26,443,
104.26.2.33,2021-08-20,12:46:54,443,
104.26.2.33,2021-08-20,00:06:08,2086,
104.26.2.33,2021-08-20,00:04:51,443,
104.26.2.33,2021-08-19,18:55:52,2087,
104.26.2.33,2021-08-19,02:30:45,8443,
104.26.2.33,2021-08-19,00:54:00,2082,
104.26.2.33,2021-08-18,21:13:04,2082,
104.26.2.33,2021-08-18,12:15:34,443,
104.26.2.33,2021-08-18,09:20:48,443,
104.26.2.33,2021-08-18,08:17:19,80,
104.26.2.33,2021-08-16,16:14:01,443,
104.26.2.33,2021-08-16,13:33:21,8080,
104.26.2.33,2021-08-16,03:17:06,443,
104.26.2.33,2021-08-15,05:11:41,2083,
104.26.2.33,2021-08-14,17:58:41,443,
104.26.2.33,2021-08-14,13:27:42,2086,
104.26.2.33,2021-08-14,01:15:07,443,
104.26.2.33,2021-08-13,13:36:52,443,
104.26.2.33,2021-08-13,03:52:00,80,
104.26.2.33,2021-08-13,00:57:49,2087,
104.26.2.33,2021-08-12,19:05:21,443,
104.26.2.33,2021-08-12,08:41:22,443,
104.26.2.33,2021-08-11,11:32:42,2087,
104.26.2.33,2021-08-11,02:24:34,2083,
104.26.2.33,2021-08-10,14:00:00,2086,
104.26.2.33,2021-08-09,20:13:38,8080,
104.26.2.33,2021-08-09,16:40:52,2083,
104.26.2.33,2021-08-09,15:00:48,443,
104.26.2.33,2021-08-09,12:49:48,443,
104.26.2.33,2021-08-09,05:19:43,2087,
104.26.2.33,2021-08-09,01:37:02,443,
104.26.2.33,2021-08-08,21:28:18,80,
104.26.2.33,2021-08-08,13:26:06,443,
104.26.2.33,2021-08-08,08:06:44,80,
104.26.2.33,2021-08-08,07:06:26,443,
104.26.2.33,2021-08-08,04:37:24,443,
104.26.2.33,2021-08-07,18:35:04,80,
104.26.2.33,2021-08-07,16:20:37,443,
104.26.2.33,2021-08-07,15:39:55,2087,
104.26.2.33,2021-08-07,08:14:08,80,
104.26.2.33,2021-08-07,04:25:38,80,
104.26.2.33,2021-08-07,02:14:10,80,['CVE-2016-3142'. 'CVE-2018-10548'. 'CVE-2016-3141'. 'CVE-2018-10545'. 'CVE-2018-10547'. 'CVE-2018-10546'. 'CVE-2019-9641'. 'CVE-2015-4116'. 'CVE-2015-6834'. 'CVE-2016-10712'. 'CVE-2018-10549'. 'CVE-2015-3411'. 'CVE-2014-9767'. 'CVE-2018-19395'. 'CVE-2015-3412'. 'CVE-2014-3669'. 'CVE-2014-3668'. 'CVE-2018-19935'. 'CVE-2019-9023'. 'CVE-2016-4538'. 'CVE-2016-4539'. 'CVE-2018-17082'. 'CVE-2015-4599'. 'CVE-2015-4598'. 'CVE-2019-9639'. 'CVE-2019-9638'. 'CVE-2019-9637'. 'CVE-2018-19520'. 'CVE-2018-14883'. 'CVE-2018-19396'. 'CVE-2015-4600'. 'CVE-2015-4603'. 'CVE-2015-4602'. 'CVE-2015-4605'. 'CVE-2015-4604'. 'CVE-2019-6977'. 'CVE-2015-4644'. 'CVE-2018-20783'. 'CVE-2015-4642'. 'CVE-2016-4073'. 'CVE-2016-4537'. 'CVE-2016-4342'. 'CVE-2016-7568'. 'CVE-2015-7804'. 'CVE-2014-8142'. 'CVE-2014-9425'. 'CVE-2016-4542'. 'CVE-2016-4541'. 'CVE-2016-4540'. 'CVE-2018-19518'. 'CVE-2014-3670'. 'CVE-2016-4544'. 'CVE-2016-4543'. 'CVE-2019-9020'. 'CVE-2019-9021'. 'CVE-2017-16642'. 'CVE-2019-9024'. 'CVE-2018-15132']
104.26.2.33,2021-08-06,21:48:27,443,
104.26.2.33,2021-08-06,21:41:29,443,
104.26.2.33,2021-08-06,18:42:36,443,
104.26.2.33,2021-08-06,16:49:34,8080,
104.26.2.33,2021-08-06,16:37:54,80,
104.26.2.33,2021-08-06,16:29:23,80,
104.26.2.33,2021-08-06,13:46:40,80,
104.26.2.33,2021-08-06,09:25:52,443,
104.26.2.33,2021-08-05,23:44:43,443,
104.26.2.33,2021-08-05,21:20:05,443,
104.26.2.33,2021-08-05,19:35:29,80,
104.26.2.33,2021-08-05,18:14:42,443,
104.26.2.33,2021-08-05,17:34:01,443,['CVE-2016-3142'. 'CVE-2018-10548'. 'CVE-2016-3141'. 'CVE-2018-10545'. 'CVE-2018-10547'. 'CVE-2018-10546'. 'CVE-2019-9641'. 'CVE-2015-4116'. 'CVE-2015-6834'. 'CVE-2016-10712'. 'CVE-2018-10549'. 'CVE-2015-3411'. 'CVE-2014-9767'. 'CVE-2018-19395'. 'CVE-2015-3412'. 'CVE-2014-3669'. 'CVE-2014-3668'. 'CVE-2018-19935'. 'CVE-2019-9023'. 'CVE-2016-4538'. 'CVE-2016-4539'. 'CVE-2018-17082'. 'CVE-2015-4599'. 'CVE-2015-4598'. 'CVE-2019-9639'. 'CVE-2019-9638'. 'CVE-2019-9637'. 'CVE-2018-19520'. 'CVE-2018-14883'. 'CVE-2018-19396'. 'CVE-2015-4600'. 'CVE-2015-4603'. 'CVE-2015-4602'. 'CVE-2015-4605'. 'CVE-2015-4604'. 'CVE-2019-6977'. 'CVE-2015-4644'. 'CVE-2018-20783'. 'CVE-2015-4642'. 'CVE-2016-4073'. 'CVE-2016-4537'. 'CVE-2016-4342'. 'CVE-2016-7568'. 'CVE-2015-7804'. 'CVE-2014-8142'. 'CVE-2014-9425'. 'CVE-2016-4542'. 'CVE-2016-4541'. 'CVE-2016-4540'. 'CVE-2018-19518'. 'CVE-2014-3670'. 'CVE-2016-4544'. 'CVE-2016-4543'. 'CVE-2019-9020'. 'CVE-2019-9021'. 'CVE-2017-16642'. 'CVE-2019-9024'. 'CVE-2018-15132']
104.26.2.33,2021-08-05,15:04:21,443,
104.26.2.33,2021-08-05,14:24:58,443,['CVE-2016-3142'. 'CVE-2018-10548'. 'CVE-2016-3141'. 'CVE-2018-10545'. 'CVE-2018-10547'. 'CVE-2018-10546'. 'CVE-2019-9641'. 'CVE-2015-4116'. 'CVE-2015-6834'. 'CVE-2016-10712'. 'CVE-2018-10549'. 'CVE-2015-3411'. 'CVE-2014-9767'. 'CVE-2018-19395'. 'CVE-2015-3412'. 'CVE-2014-3669'. 'CVE-2014-3668'. 'CVE-2018-19935'. 'CVE-2019-9023'. 'CVE-2016-4538'. 'CVE-2016-4539'. 'CVE-2018-17082'. 'CVE-2015-4599'. 'CVE-2015-4598'. 'CVE-2019-9639'. 'CVE-2019-9638'. 'CVE-2019-9637'. 'CVE-2018-19520'. 'CVE-2018-14883'. 'CVE-2018-19396'. 'CVE-2015-4600'. 'CVE-2015-4603'. 'CVE-2015-4602'. 'CVE-2015-4605'. 'CVE-2015-4604'. 'CVE-2019-6977'. 'CVE-2015-4644'. 'CVE-2018-20783'. 'CVE-2015-4642'. 'CVE-2016-4073'. 'CVE-2016-4537'. 'CVE-2016-4342'. 'CVE-2016-7568'. 'CVE-2015-7804'. 'CVE-2014-8142'. 'CVE-2014-9425'. 'CVE-2016-4542'. 'CVE-2016-4541'. 'CVE-2016-4540'. 'CVE-2018-19518'. 'CVE-2014-3670'. 'CVE-2016-4544'. 'CVE-2016-4543'. 'CVE-2019-9020'. 'CVE-2019-9021'. 'CVE-2017-16642'. 'CVE-2019-9024'. 'CVE-2018-15132']
104.26.2.33,2021-08-05,12:34:19,80,
104.26.2.33,2021-08-05,11:02:07,443,
104.26.2.33,2021-08-05,09:08:29,80,
104.26.2.33,2021-08-05,08:06:37,80,
104.26.2.33,2021-08-05,06:40:48,443,
104.26.2.33,2021-08-05,00:53:30,443,
104.26.2.33,2021-08-04,22:13:04,80,
104.26.2.33,2021-08-04,19:19:41,443,
104.26.2.33,2021-08-04,17:43:59,80,
104.26.2.33,2021-08-04,16:33:03,2086,
104.26.2.33,2021-08-04,15:59:15,80,
104.26.2.33,2021-08-04,14:32:46,443,
104.26.2.33,2021-08-04,14:16:26,80,
104.26.2.33,2021-08-04,12:38:28,443,
104.26.2.33,2021-08-04,10:31:50,80,
104.26.2.33,2021-08-04,08:40:48,443,
104.26.2.33,2021-08-04,07:30:30,80,
104.26.2.33,2021-08-03,07:09:00,443,
104.26.2.33,2021-08-02,23:25:47,443,
104.26.2.33,2021-08-02,20:19:04,443,
104.26.2.33,2021-08-02,05:51:34,443,
104.26.2.33,2021-08-01,01:54:45,443,
104.26.2.33,2021-08-01,00:06:07,443,
104.26.2.33,2021-07-31,12:55:55,443,
104.26.2.33,2021-07-31,12:17:55,443,
104.26.2.33,2021-07-31,01:51:28,443,
104.26.2.33,2021-07-31,01:35:40,443,
